﻿Protocolo;Devedor;Vr. Pago Custas Postergadas;Vr. Pago Cancelamento;Valor Total Pago;DataExtracao
43376216;FABIANNE VECONA DA CONCEICAO;139,15;77,01;216.16;2025-12-23
43465041;ERIVELTO LUCIO SILVERIO;505,75;77,01;582.76;2025-12-23
43490963;FABIANNE VECONA DA CONCEICAO;124,15;77,01;201.16;2025-12-23
43490964;FABIANNE VECONA DA CONCEICAO;139,15;77,01;216.16;2025-12-23
43624341;JOSE ROBERTO DE SOUZA ALVES            ;139,15;77,01;216.16;2025-12-23
43645867;LEONARDO PIO GONCALVES DOS SANTOS         ;655,99;77,01;733.00;2025-12-23
43650343;REGINALDO LIMA MENDES               ;202,86;77,01;279.87;2025-12-23
43653524;FARNESE PRODUTOS DE TELEFONIA EIRELI       ;125,85;77,01;202.86;2025-12-23
43662108;PAULO JOSE DE ABREU                ;155,81;77,01;232.82;2025-12-23
43670409;LILIAN ZULENI DE PAULA              ;125,85;77,01;202.86;2025-12-23
43680322;ANTONIA SOARES SILVEIRA E OLIVEIRA        ;655,99;77,01;733.00;2025-12-23
43680379;JOCIMAR TOMAS DA SILVA SANTOS           ;424,67;77,01;501.68;2025-12-23
43765309;ANA LARISSA MARIANO SILVA          ;655,99;77,01;733.00;2025-12-23
43769201;SETESP ALMEIDA E BATISTA SERVICOS TECNICOS ;452,14;77,01;529.15;2025-12-23
43770306;ANTONIO EUSTAQUIO MOREIRA          ;158,59;77,01;235.60;2025-12-23
43770528;JUNIO PARREIRA RODRIGUES           ;733,55;77,01;810.56;2025-12-23
43792371;RAFAEL SOARES CUNHA             ;746,85;77,01;823.86;2025-12-23
43825311;FILIPE PEREIRA MENDES            ;171,89;77,01;248.90;2025-12-23
43850671;ISABEL SUELY SILVA              ;218,94;77,01;295.95;2025-12-23
43869517;PABLO ANDRES GARATE CASTAGNET        ;584,52;77,01;661.53;2025-12-23
43898208;ANTONIO CUSTODIO DA SILVA          ;733,55;77,01;810.56;2025-12-23
43898209;ANTONIO CUSTODIO DA SILVA          ;667,37;77,01;744.38;2025-12-23
43909291;ANTONIO CUSTODIO DA SILVA          ;733,55;77,01;810.56;2025-12-23
43913679;MARCIO DA COSTA LOPES            ;369,84;55,31;425.15;2025-12-23
43913693;MARCIO DA COSTA LOPES            ;656,01;55,31;711.32;2025-12-23
43913696;MARCIO DA COSTA LOPES            ;1.799,20;55,31;1854.51;2025-12-23
43920792;VIACAO REAL TRANSPORTE URBANO E RODOVIAR   ;505,75;77,01;582.76;2025-12-23
43930000;MARIA TERESA JUNQUEIRA MEIRELES       ;571,22;77,01;648.23;2025-12-23
43931438;ANTONIA SOARES SILVEIRA E OLIVEIRA      ;904,47;77,01;981.48;2025-12-23
43940302;EMANUEL TIAGO GOMES FIDELES         ;633,11;77,01;710.12;2025-12-23
43940333;KARINA KELLY TEIXEIRA HILARIO        ;704,58;77,01;781.59;2025-12-23
43960215;MAURICIO ANTONIO DA SILVA          ;360,04;77,01;437.05;2025-12-23
43965169;JANAIRA MARQUES DE SOUZA           ;514,03;77,01;591.04;2025-12-23
43966505;BRUNO VEICULOS BH LTDA            ;473,26;77,01;550.27;2025-12-23
43970764;JULIANO BRAZ DE SOUZA            ;667,37;77,01;744.38;2025-12-23
43971847;CARLOS ALBERTO ALBUQUERQUE DE ASSIS     ;224,08;77,01;301.09;2025-12-23
43974899;TRALSEG ADMINISTRADORA E CORRETORA DE SEGUROS;346,74;77,01;423.75;2025-12-23
43986762;NIAGARA PAULA GOMES DOS SANTOS        ;408,63;77,01;485.64;2025-12-23
43999597;EDUARDO DE OLIVEIRA MARTINS         ;642,69;77,01;719.70;2025-12-23
44008526;GABRIEL MELGACO DE AFONSECA         ;642,69;77,01;719.70;2025-12-23
44010724;ERGLARES ENGENHARIA LTDA           ;1.130,50;77,01;1207.51;2025-12-23
44014505;LOJAS CANAL DO SURF MARCAS E VEST LTDA    ;1.009,21;77,01;1086.22;2025-12-23
44015871;MARVIL REPRESENTACOES LTDA          ;246,12;77,01;323.13;2025-12-23
44020165;KEREN HAPPUCH MIRANTE FERREIRA        ;655,99;77,01;733.00;2025-12-23
44020398;RONALDO GOMES DE ABREU            ;332,66;77,01;409.67;2025-12-23
44025370;FABIANA DE SOUZA SILVA            ;189,56;77,01;266.57;2025-12-23
44026735;ELVIA NUNES DE ANDRADE            ;439,30;77,01;516.31;2025-12-23
44028262;AUTO SOCORRO SAO PEDRO LTDA         ;346,74;77,01;423.75;2025-12-23
44033678;JOSE MOREIRA QUEIROZ DA SILVA        ;377,41;77,01;454.42;2025-12-23
44035437;THIAGO SILVA DAMASCENO            ;824,02;77,01;901.03;2025-12-23
44037825;LETS RENT A CAR SA             ;246,12;77,01;323.13;2025-12-23
44039614;LCM COMERCIO ARTIGOS DE VESTUARIO LTDA;3.757,38;77,01;3834.39;2025-12-23
44042912;RAMON MATEUS CAMPOS SILVA          ;2.315,00;77,01;2392.01;2025-12-23
44046209;JOIBLAM JOSE SOARES PEREIRA         ;202,86;77,01;279.87;2025-12-23
44055436;LCM COMERCIO ARTIGOS DE VESTUARIO LTDA;733,55;77,01;810.56;2025-12-23
44055437;LCM COMERCIO ARTIGOS DE VESTUARIO LTDA;293,77;77,01;370.78;2025-12-23
44056059;LOCALIZA RENT A CAR SA            ;917,77;77,01;994.78;2025-12-23
44057558;VALLOUREC SOLUCOES TUBULARES DO BRASIL   ;3.757,38;77,01;3834.39;2025-12-23
44058434;FCA RENTAL LOC AUTOMOVEIS LTDA    ;174,08;77,01;251.09;2025-12-23
