﻿CAMPANHA;CREDOR;CNPJ_CREDOR;CPFCNPJ_CLIENTE;NOME_RAZAO_SOCIAL;NUMERO_CONTRATO;PARCELA;MOVIMENTACOES_ID;VENCIMENTO;VALOR;STATUS_TITULO;CHAVE;MOTIVO_INCONSISTENCIA;VENCIMENTO_ORIGINAL
000078 - 4° Tabelionato - Ativo;4º TABELIONATO;16.746.133/0001-41;000.715.976-54;NORBERTO CASTRO NORONHA;nan;2163.79-26/05/2025;2808105;2025-05-26;2163,79;Liquidado com Acordo;2163.79-26/05/2025;PARCELA contem hifen;2025-05-26
000058 - 4º tabelinato Acima de 180 dias;4º TABELIONATO;16.746.133/0001-41;013.527.546-65;JOICE LIMA LOPES;nan;45645-981,48;3212030;2024-12-19;981,48;Liquidado com Acordo;45645-981,48;"PARCELA contem virgula; PARCELA contem hifen";2024-12-19
000058 - 4º tabelinato Acima de 180 dias;4º TABELIONATO;16.746.133/0001-41;140.752.536-00;Manoel Jose Franca;nan;1;1513594;2021-01-15;190,35;Liquidado com Acordo;1;PARCELA muito curta;2021-01-15
000078 - 4° Tabelionato - Ativo;4º TABELIONATO;16.746.133/0001-41;349.593.748-02;JOYCE THAIS GOUVEA DOS SANTOS;nan;11056,50-25/07/2025;3292478;2025-07-25;11056,50;Aberto;11056,50-25/07/2025;"PARCELA contem virgula; PARCELA contem hifen";2025-07-25
000078 - 4° Tabelionato - Ativo;4º TABELIONATO;16.746.133/0001-41;625.592.066-68;ELAINE MADELON XISTO TEODORO;nan;759.7-30/04/2025;2694154;2025-04-30;759,70;Liquidado com Acordo;759.7-30/04/2025;PARCELA contem hifen;2025-04-30
