﻿CPFCNPJ CLIENTE;NOME / RAZAO SOCIAL;NUMERO CONTRATO;PARCELA;OBSERVACAO PARCELA;VENCIMENTO;VALOR;EMPREENDIMENTO;TIPO PARCELA;CNPJ CREDOR
324.631.378-43;ALDEMI FARIAS BATISTA;4764;4764-16633;16633;2022-08-30;641,43;VILLA VIC INDAIATUBA CONDOMINIO BRUXELAS EMP. IMOB. SPE LTDA;PROSOLUTO;12.086.678/0001-18
308.000.608-90;ALEXANDRA LOPES MORAIS;5599;5599-12670;12670;2023-09-30;421,63;VILLA VIC VOTORANTIM COND. VICENZA EMP. IMOB. LTDA;PROSOLUTO;12.086.678/0001-18
308.000.608-90;ALEXANDRA LOPES MORAIS;5599;5599-12709;12709;2026-12-30;553,46;VILLA VIC VOTORANTIM COND. VICENZA EMP. IMOB. LTDA;PROSOLUTO;12.086.678/0001-18
462.413.858-95;ANA FLAVIA GOMES CUSTODIO;6547;6547-22486;22486;2024-08-30;66,32;VILLA VIC VOTORANTIM COND. VICENZA EMP. IMOB. LTDA;ITBI;12.086.678/0001-18
462.413.858-95;ANA FLAVIA GOMES CUSTODIO;6547;6547-22414;22414;2024-08-30;467,65;VILLA VIC VOTORANTIM COND. VICENZA EMP. IMOB. LTDA;PROSOLUTO;12.086.678/0001-18
462.413.858-95;ANA FLAVIA GOMES CUSTODIO;6547;6547-22400;22400;2024-12-30;1730,13;VILLA VIC VOTORANTIM COND. VICENZA EMP. IMOB. LTDA;PROSOLUTO;12.086.678/0001-18
462.413.858-95;ANA FLAVIA GOMES CUSTODIO;6547;6547-22401;22401;2025-12-30;1985,63;VILLA VIC VOTORANTIM COND. VICENZA EMP. IMOB. LTDA;PROSOLUTO;12.086.678/0001-18
462.413.858-95;ANA FLAVIA GOMES CUSTODIO;6547;6547-22402;22402;2026-12-30;2006,17;VILLA VIC VOTORANTIM COND. VICENZA EMP. IMOB. LTDA;PROSOLUTO;12.086.678/0001-18
985.360.283-00;ANA LUCIA DO NASCIMENTO OLIVEIRA;6394;6394-56189;56189;2022-12-30;762,08;VILLA VIC INDAIATUBA COND. SICÍLIA EMP. IMOB. SPE LTDA;PROSOLUTO;12.086.678/0001-18
106.633.826-45;ANA PAULA RODRIGUES MOREIRA;2161;2161-16856;16856;2022-02-01;666,87;VILLE PARK MOINHO DAS ÁGUAS EMPREENDIMENTOS IMOBILIÁRIOS SP;PROSOLUTO;12.086.678/0001-18
109.987.366-51;BRUNO FELIPE DE SOUZA MELO;1362;1362-44902;44902;2022-01-30;986,30;MASTER TOWER SEVILHA EMPREENDIMENTOS IMOBILIÁRIOS SPE LTDA;PROSOLUTO;12.086.678/0001-18
137.181.226-85;DIEGO ANTONIO COSTA;4078;4078-29424;29424;2022-01-30;642,63;VILLE PARK MOINHO DAS ÁGUAS EMPREENDIMENTOS IMOBILIÁRIOS SP;PROSOLUTO;12.086.678/0001-18
049.672.136-42;EDMAR SILVA E SOUZA;6278;6278-51098;51098;2027-08-25;998,21;VIC PARK MONTREAL EMPREENDIMENTOS IMOBILIARIOS SPE LTDA;PROSOLUTO;12.086.678/0001-18
049.672.136-42;EDMAR SILVA E SOUZA;6278;6278-51099;51099;2027-09-25;998,21;VIC PARK MONTREAL EMPREENDIMENTOS IMOBILIARIOS SPE LTDA;PROSOLUTO;12.086.678/0001-18
049.672.136-42;EDMAR SILVA E SOUZA;6278;6278-51100;51100;2027-10-25;998,21;VIC PARK MONTREAL EMPREENDIMENTOS IMOBILIARIOS SPE LTDA;PROSOLUTO;12.086.678/0001-18
049.672.136-42;EDMAR SILVA E SOUZA;6278;6278-51101;51101;2027-11-25;998,21;VIC PARK MONTREAL EMPREENDIMENTOS IMOBILIARIOS SPE LTDA;PROSOLUTO;12.086.678/0001-18
049.672.136-42;EDMAR SILVA E SOUZA;6278;6278-51102;51102;2027-12-25;998,21;VIC PARK MONTREAL EMPREENDIMENTOS IMOBILIARIOS SPE LTDA;PROSOLUTO;12.086.678/0001-18
049.672.136-42;EDMAR SILVA E SOUZA;6278;6278-51103;51103;2028-01-25;998,21;VIC PARK MONTREAL EMPREENDIMENTOS IMOBILIARIOS SPE LTDA;PROSOLUTO;12.086.678/0001-18
049.672.136-42;EDMAR SILVA E SOUZA;6278;6278-51104;51104;2028-02-25;998,21;VIC PARK MONTREAL EMPREENDIMENTOS IMOBILIARIOS SPE LTDA;PROSOLUTO;12.086.678/0001-18
049.672.136-42;EDMAR SILVA E SOUZA;6278;6278-51105;51105;2028-03-25;998,21;VIC PARK MONTREAL EMPREENDIMENTOS IMOBILIARIOS SPE LTDA;PROSOLUTO;12.086.678/0001-18
049.672.136-42;EDMAR SILVA E SOUZA;6278;6278-51106;51106;2028-04-25;998,21;VIC PARK MONTREAL EMPREENDIMENTOS IMOBILIARIOS SPE LTDA;PROSOLUTO;12.086.678/0001-18
049.672.136-42;EDMAR SILVA E SOUZA;6278;6278-51108;51108;2028-06-25;998,21;VIC PARK MONTREAL EMPREENDIMENTOS IMOBILIARIOS SPE LTDA;PROSOLUTO;12.086.678/0001-18
049.672.136-42;EDMAR SILVA E SOUZA;6278;6278-51109;51109;2028-07-25;998,21;VIC PARK MONTREAL EMPREENDIMENTOS IMOBILIARIOS SPE LTDA;PROSOLUTO;12.086.678/0001-18
049.672.136-42;EDMAR SILVA E SOUZA;6278;6278-51111;51111;2028-09-25;998,21;VIC PARK MONTREAL EMPREENDIMENTOS IMOBILIARIOS SPE LTDA;PROSOLUTO;12.086.678/0001-18
049.672.136-42;EDMAR SILVA E SOUZA;6278;6278-51112;51112;2028-10-25;998,21;VIC PARK MONTREAL EMPREENDIMENTOS IMOBILIARIOS SPE LTDA;PROSOLUTO;12.086.678/0001-18
049.672.136-42;EDMAR SILVA E SOUZA;6278;6278-51114;51114;2028-12-25;998,21;VIC PARK MONTREAL EMPREENDIMENTOS IMOBILIARIOS SPE LTDA;PROSOLUTO;12.086.678/0001-18
049.672.136-42;EDMAR SILVA E SOUZA;6278;6278-51115;51115;2029-01-25;998,21;VIC PARK MONTREAL EMPREENDIMENTOS IMOBILIARIOS SPE LTDA;PROSOLUTO;12.086.678/0001-18
049.672.136-42;EDMAR SILVA E SOUZA;6278;6278-51116;51116;2029-02-25;998,21;VIC PARK MONTREAL EMPREENDIMENTOS IMOBILIARIOS SPE LTDA;PROSOLUTO;12.086.678/0001-18
035.496.321-00;ELIVELTON DE ALMEIDA RAMOS SANTOS;3849;3849-74886;74886;2022-01-30;290,29;VP PALMITAL EMPREENDIMENTOS IMOBILIÁRIOS SPE LTDA;PROSOLUTO;12.086.678/0001-18
035.496.321-00;ELIVELTON DE ALMEIDA RAMOS SANTOS;3849;3849-76686;76686;2022-01-30;164,34;VP PALMITAL EMPREENDIMENTOS IMOBILIÁRIOS SPE LTDA;ITBI;12.086.678/0001-18
474.050.418-92;GIOVANE DE FARIA FERRI VIEIRA;5243;5243-10021;10021;2025-12-30;492,32;VILLA VIC VOTORANTIM COND. VICENZA EMP. IMOB. LTDA;PROSOLUTO;12.086.678/0001-18
086.071.706-27;GISELLE DA CONCEICAO CAMPOS MATOS;12351;12351-111570;111570;2024-09-30;55,68;GRAN VIC ATENAS EMPREENDIMENTOS IMOBILIARIOS SPE LTDA;ITBI;12.086.678/0001-18
086.071.706-27;GISELLE DA CONCEICAO CAMPOS MATOS;12351;12351-115419;115419;2024-09-30;883,17;GRAN VIC ATENAS EMPREENDIMENTOS IMOBILIARIOS SPE LTDA;PROSOLUTO;12.086.678/0001-18
086.071.706-27;GISELLE DA CONCEICAO CAMPOS MATOS;12351;12351-115420;115420;2024-10-30;891,58;GRAN VIC ATENAS EMPREENDIMENTOS IMOBILIARIOS SPE LTDA;PROSOLUTO;12.086.678/0001-18
086.071.706-27;GISELLE DA CONCEICAO CAMPOS MATOS;12351;12351-111571;111571;2024-10-30;56,20;GRAN VIC ATENAS EMPREENDIMENTOS IMOBILIARIOS SPE LTDA;ITBI;12.086.678/0001-18
086.071.706-27;GISELLE DA CONCEICAO CAMPOS MATOS;12351;12351-111572;111572;2024-11-30;56,97;GRAN VIC ATENAS EMPREENDIMENTOS IMOBILIARIOS SPE LTDA;ITBI;12.086.678/0001-18
086.071.706-27;GISELLE DA CONCEICAO CAMPOS MATOS;12351;12351-115421;115421;2024-11-30;903,79;GRAN VIC ATENAS EMPREENDIMENTOS IMOBILIARIOS SPE LTDA;PROSOLUTO;12.086.678/0001-18
086.071.706-27;GISELLE DA CONCEICAO CAMPOS MATOS;12351;12351-115422;115422;2024-12-30;917,19;GRAN VIC ATENAS EMPREENDIMENTOS IMOBILIARIOS SPE LTDA;PROSOLUTO;12.086.678/0001-18
086.071.706-27;GISELLE DA CONCEICAO CAMPOS MATOS;12351;12351-111573;111573;2024-12-30;57,81;GRAN VIC ATENAS EMPREENDIMENTOS IMOBILIARIOS SPE LTDA;ITBI;12.086.678/0001-18
086.071.706-27;GISELLE DA CONCEICAO CAMPOS MATOS;12351;12351-111574;111574;2025-01-30;58,56;GRAN VIC ATENAS EMPREENDIMENTOS IMOBILIARIOS SPE LTDA;ITBI;12.086.678/0001-18
086.071.706-27;GISELLE DA CONCEICAO CAMPOS MATOS;12351;12351-115423;115423;2025-01-30;929,15;GRAN VIC ATENAS EMPREENDIMENTOS IMOBILIARIOS SPE LTDA;PROSOLUTO;12.086.678/0001-18
086.071.706-27;GISELLE DA CONCEICAO CAMPOS MATOS;12351;12351-115424;115424;2025-02-28;942,34;GRAN VIC ATENAS EMPREENDIMENTOS IMOBILIARIOS SPE LTDA;PROSOLUTO;12.086.678/0001-18
086.071.706-27;GISELLE DA CONCEICAO CAMPOS MATOS;12351;12351-111575;111575;2025-02-28;59,39;GRAN VIC ATENAS EMPREENDIMENTOS IMOBILIARIOS SPE LTDA;ITBI;12.086.678/0001-18
086.071.706-27;GISELLE DA CONCEICAO CAMPOS MATOS;12351;12351-111576;111576;2025-03-30;60,03;GRAN VIC ATENAS EMPREENDIMENTOS IMOBILIARIOS SPE LTDA;ITBI;12.086.678/0001-18
086.071.706-27;GISELLE DA CONCEICAO CAMPOS MATOS;12351;12351-115425;115425;2025-03-30;952,61;GRAN VIC ATENAS EMPREENDIMENTOS IMOBILIARIOS SPE LTDA;PROSOLUTO;12.086.678/0001-18
086.071.706-27;GISELLE DA CONCEICAO CAMPOS MATOS;12351;12351-115426;115426;2025-04-30;972,76;GRAN VIC ATENAS EMPREENDIMENTOS IMOBILIARIOS SPE LTDA;PROSOLUTO;12.086.678/0001-18
086.071.706-27;GISELLE DA CONCEICAO CAMPOS MATOS;12351;12351-111577;111577;2025-04-30;61,30;GRAN VIC ATENAS EMPREENDIMENTOS IMOBILIARIOS SPE LTDA;ITBI;12.086.678/0001-18
086.071.706-27;GISELLE DA CONCEICAO CAMPOS MATOS;12351;12351-111578;111578;2025-05-30;62,18;GRAN VIC ATENAS EMPREENDIMENTOS IMOBILIARIOS SPE LTDA;ITBI;12.086.678/0001-18
086.071.706-27;GISELLE DA CONCEICAO CAMPOS MATOS;12351;12351-115427;115427;2025-05-30;986,70;GRAN VIC ATENAS EMPREENDIMENTOS IMOBILIARIOS SPE LTDA;PROSOLUTO;12.086.678/0001-18
086.071.706-27;GISELLE DA CONCEICAO CAMPOS MATOS;12351;12351-115428;115428;2025-06-30;999,61;GRAN VIC ATENAS EMPREENDIMENTOS IMOBILIARIOS SPE LTDA;PROSOLUTO;12.086.678/0001-18
086.071.706-27;GISELLE DA CONCEICAO CAMPOS MATOS;12351;12351-111579;111579;2025-06-30;62,99;GRAN VIC ATENAS EMPREENDIMENTOS IMOBILIARIOS SPE LTDA;ITBI;12.086.678/0001-18
086.071.706-27;GISELLE DA CONCEICAO CAMPOS MATOS;12351;12351-111580;111580;2025-07-30;63,71;GRAN VIC ATENAS EMPREENDIMENTOS IMOBILIARIOS SPE LTDA;ITBI;12.086.678/0001-18
086.071.706-27;GISELLE DA CONCEICAO CAMPOS MATOS;12351;12351-115429;115429;2025-07-30;1011,12;GRAN VIC ATENAS EMPREENDIMENTOS IMOBILIARIOS SPE LTDA;PROSOLUTO;12.086.678/0001-18
086.071.706-27;GISELLE DA CONCEICAO CAMPOS MATOS;12351;12351-115430;115430;2025-08-30;1022,52;GRAN VIC ATENAS EMPREENDIMENTOS IMOBILIARIOS SPE LTDA;PROSOLUTO;12.086.678/0001-18
086.071.706-27;GISELLE DA CONCEICAO CAMPOS MATOS;12351;12351-111581;111581;2025-08-30;64,43;GRAN VIC ATENAS EMPREENDIMENTOS IMOBILIARIOS SPE LTDA;ITBI;12.086.678/0001-18
086.071.706-27;GISELLE DA CONCEICAO CAMPOS MATOS;12351;12351-111582;111582;2025-09-30;65,16;GRAN VIC ATENAS EMPREENDIMENTOS IMOBILIARIOS SPE LTDA;ITBI;12.086.678/0001-18
086.071.706-27;GISELLE DA CONCEICAO CAMPOS MATOS;12351;12351-115431;115431;2025-09-30;1034,20;GRAN VIC ATENAS EMPREENDIMENTOS IMOBILIARIOS SPE LTDA;PROSOLUTO;12.086.678/0001-18
086.071.706-27;GISELLE DA CONCEICAO CAMPOS MATOS;12351;12351-115432;115432;2025-10-30;1043,66;GRAN VIC ATENAS EMPREENDIMENTOS IMOBILIARIOS SPE LTDA;PROSOLUTO;12.086.678/0001-18
086.071.706-27;GISELLE DA CONCEICAO CAMPOS MATOS;12351;12351-111583;111583;2025-10-30;65,75;GRAN VIC ATENAS EMPREENDIMENTOS IMOBILIARIOS SPE LTDA;ITBI;12.086.678/0001-18
086.071.706-27;GISELLE DA CONCEICAO CAMPOS MATOS;12351;12351-111584;111584;2025-11-30;66,63;GRAN VIC ATENAS EMPREENDIMENTOS IMOBILIARIOS SPE LTDA;ITBI;12.086.678/0001-18
086.071.706-27;GISELLE DA CONCEICAO CAMPOS MATOS;12351;12351-115433;115433;2025-11-30;1057,54;GRAN VIC ATENAS EMPREENDIMENTOS IMOBILIARIOS SPE LTDA;PROSOLUTO;12.086.678/0001-18
086.071.706-27;GISELLE DA CONCEICAO CAMPOS MATOS;12351;12351-115434;115434;2025-12-30;1068,04;GRAN VIC ATENAS EMPREENDIMENTOS IMOBILIARIOS SPE LTDA;PROSOLUTO;12.086.678/0001-18
086.071.706-27;GISELLE DA CONCEICAO CAMPOS MATOS;12351;12351-111585;111585;2025-12-30;67,29;GRAN VIC ATENAS EMPREENDIMENTOS IMOBILIARIOS SPE LTDA;ITBI;12.086.678/0001-18
086.071.706-27;GISELLE DA CONCEICAO CAMPOS MATOS;12351;12351-111586;111586;2026-01-30;67,29;GRAN VIC ATENAS EMPREENDIMENTOS IMOBILIARIOS SPE LTDA;ITBI;12.086.678/0001-18
086.071.706-27;GISELLE DA CONCEICAO CAMPOS MATOS;12351;12351-115435;115435;2026-01-30;1068,04;GRAN VIC ATENAS EMPREENDIMENTOS IMOBILIARIOS SPE LTDA;PROSOLUTO;12.086.678/0001-18
086.071.706-27;GISELLE DA CONCEICAO CAMPOS MATOS;12351;12351-115436;115436;2026-02-28;1068,04;GRAN VIC ATENAS EMPREENDIMENTOS IMOBILIARIOS SPE LTDA;PROSOLUTO;12.086.678/0001-18
086.071.706-27;GISELLE DA CONCEICAO CAMPOS MATOS;12351;12351-111587;111587;2026-02-28;67,29;GRAN VIC ATENAS EMPREENDIMENTOS IMOBILIARIOS SPE LTDA;ITBI;12.086.678/0001-18
086.071.706-27;GISELLE DA CONCEICAO CAMPOS MATOS;12351;12351-111588;111588;2026-03-30;67,29;GRAN VIC ATENAS EMPREENDIMENTOS IMOBILIARIOS SPE LTDA;ITBI;12.086.678/0001-18
086.071.706-27;GISELLE DA CONCEICAO CAMPOS MATOS;12351;12351-115437;115437;2026-03-30;1068,04;GRAN VIC ATENAS EMPREENDIMENTOS IMOBILIARIOS SPE LTDA;PROSOLUTO;12.086.678/0001-18
086.071.706-27;GISELLE DA CONCEICAO CAMPOS MATOS;12351;12351-115438;115438;2026-04-30;1068,04;GRAN VIC ATENAS EMPREENDIMENTOS IMOBILIARIOS SPE LTDA;PROSOLUTO;12.086.678/0001-18
086.071.706-27;GISELLE DA CONCEICAO CAMPOS MATOS;12351;12351-111589;111589;2026-04-30;67,29;GRAN VIC ATENAS EMPREENDIMENTOS IMOBILIARIOS SPE LTDA;ITBI;12.086.678/0001-18
086.071.706-27;GISELLE DA CONCEICAO CAMPOS MATOS;12351;12351-111590;111590;2026-05-30;67,29;GRAN VIC ATENAS EMPREENDIMENTOS IMOBILIARIOS SPE LTDA;ITBI;12.086.678/0001-18
086.071.706-27;GISELLE DA CONCEICAO CAMPOS MATOS;12351;12351-115439;115439;2026-05-30;1068,04;GRAN VIC ATENAS EMPREENDIMENTOS IMOBILIARIOS SPE LTDA;PROSOLUTO;12.086.678/0001-18
086.071.706-27;GISELLE DA CONCEICAO CAMPOS MATOS;12351;12351-115440;115440;2026-06-30;1068,04;GRAN VIC ATENAS EMPREENDIMENTOS IMOBILIARIOS SPE LTDA;PROSOLUTO;12.086.678/0001-18
086.071.706-27;GISELLE DA CONCEICAO CAMPOS MATOS;12351;12351-111591;111591;2026-06-30;67,29;GRAN VIC ATENAS EMPREENDIMENTOS IMOBILIARIOS SPE LTDA;ITBI;12.086.678/0001-18
086.071.706-27;GISELLE DA CONCEICAO CAMPOS MATOS;12351;12351-111592;111592;2026-07-30;67,29;GRAN VIC ATENAS EMPREENDIMENTOS IMOBILIARIOS SPE LTDA;ITBI;12.086.678/0001-18
086.071.706-27;GISELLE DA CONCEICAO CAMPOS MATOS;12351;12351-115441;115441;2026-07-30;1068,04;GRAN VIC ATENAS EMPREENDIMENTOS IMOBILIARIOS SPE LTDA;PROSOLUTO;12.086.678/0001-18
086.071.706-27;GISELLE DA CONCEICAO CAMPOS MATOS;12351;12351-115442;115442;2026-08-30;1068,04;GRAN VIC ATENAS EMPREENDIMENTOS IMOBILIARIOS SPE LTDA;PROSOLUTO;12.086.678/0001-18
086.071.706-27;GISELLE DA CONCEICAO CAMPOS MATOS;12351;12351-111593;111593;2026-08-30;67,29;GRAN VIC ATENAS EMPREENDIMENTOS IMOBILIARIOS SPE LTDA;ITBI;12.086.678/0001-18
086.071.706-27;GISELLE DA CONCEICAO CAMPOS MATOS;12351;12351-111594;111594;2026-09-30;67,29;GRAN VIC ATENAS EMPREENDIMENTOS IMOBILIARIOS SPE LTDA;ITBI;12.086.678/0001-18
086.071.706-27;GISELLE DA CONCEICAO CAMPOS MATOS;12351;12351-115443;115443;2026-09-30;1068,04;GRAN VIC ATENAS EMPREENDIMENTOS IMOBILIARIOS SPE LTDA;PROSOLUTO;12.086.678/0001-18
086.071.706-27;GISELLE DA CONCEICAO CAMPOS MATOS;12351;12351-115444;115444;2026-10-30;1068,04;GRAN VIC ATENAS EMPREENDIMENTOS IMOBILIARIOS SPE LTDA;PROSOLUTO;12.086.678/0001-18
086.071.706-27;GISELLE DA CONCEICAO CAMPOS MATOS;12351;12351-111595;111595;2026-10-30;67,29;GRAN VIC ATENAS EMPREENDIMENTOS IMOBILIARIOS SPE LTDA;ITBI;12.086.678/0001-18
086.071.706-27;GISELLE DA CONCEICAO CAMPOS MATOS;12351;12351-111596;111596;2026-11-30;67,29;GRAN VIC ATENAS EMPREENDIMENTOS IMOBILIARIOS SPE LTDA;ITBI;12.086.678/0001-18
086.071.706-27;GISELLE DA CONCEICAO CAMPOS MATOS;12351;12351-115445;115445;2026-11-30;1068,04;GRAN VIC ATENAS EMPREENDIMENTOS IMOBILIARIOS SPE LTDA;PROSOLUTO;12.086.678/0001-18
086.071.706-27;GISELLE DA CONCEICAO CAMPOS MATOS;12351;12351-115446;115446;2026-12-30;1068,04;GRAN VIC ATENAS EMPREENDIMENTOS IMOBILIARIOS SPE LTDA;PROSOLUTO;12.086.678/0001-18
086.071.706-27;GISELLE DA CONCEICAO CAMPOS MATOS;12351;12351-111597;111597;2026-12-30;67,29;GRAN VIC ATENAS EMPREENDIMENTOS IMOBILIARIOS SPE LTDA;ITBI;12.086.678/0001-18
086.071.706-27;GISELLE DA CONCEICAO CAMPOS MATOS;12351;12351-111598;111598;2027-01-30;67,29;GRAN VIC ATENAS EMPREENDIMENTOS IMOBILIARIOS SPE LTDA;ITBI;12.086.678/0001-18
086.071.706-27;GISELLE DA CONCEICAO CAMPOS MATOS;12351;12351-115447;115447;2027-01-30;1068,04;GRAN VIC ATENAS EMPREENDIMENTOS IMOBILIARIOS SPE LTDA;PROSOLUTO;12.086.678/0001-18
086.071.706-27;GISELLE DA CONCEICAO CAMPOS MATOS;12351;12351-115448;115448;2027-02-28;1068,04;GRAN VIC ATENAS EMPREENDIMENTOS IMOBILIARIOS SPE LTDA;PROSOLUTO;12.086.678/0001-18
086.071.706-27;GISELLE DA CONCEICAO CAMPOS MATOS;12351;12351-111599;111599;2027-02-28;67,29;GRAN VIC ATENAS EMPREENDIMENTOS IMOBILIARIOS SPE LTDA;ITBI;12.086.678/0001-18
086.071.706-27;GISELLE DA CONCEICAO CAMPOS MATOS;12351;12351-111600;111600;2027-03-30;67,29;GRAN VIC ATENAS EMPREENDIMENTOS IMOBILIARIOS SPE LTDA;ITBI;12.086.678/0001-18
086.071.706-27;GISELLE DA CONCEICAO CAMPOS MATOS;12351;12351-115449;115449;2027-03-30;1068,04;GRAN VIC ATENAS EMPREENDIMENTOS IMOBILIARIOS SPE LTDA;PROSOLUTO;12.086.678/0001-18
086.071.706-27;GISELLE DA CONCEICAO CAMPOS MATOS;12351;12351-115450;115450;2027-04-30;1068,04;GRAN VIC ATENAS EMPREENDIMENTOS IMOBILIARIOS SPE LTDA;PROSOLUTO;12.086.678/0001-18
086.071.706-27;GISELLE DA CONCEICAO CAMPOS MATOS;12351;12351-111601;111601;2027-04-30;67,29;GRAN VIC ATENAS EMPREENDIMENTOS IMOBILIARIOS SPE LTDA;ITBI;12.086.678/0001-18
086.071.706-27;GISELLE DA CONCEICAO CAMPOS MATOS;12351;12351-111602;111602;2027-05-30;67,29;GRAN VIC ATENAS EMPREENDIMENTOS IMOBILIARIOS SPE LTDA;ITBI;12.086.678/0001-18
086.071.706-27;GISELLE DA CONCEICAO CAMPOS MATOS;12351;12351-115451;115451;2027-05-30;1068,04;GRAN VIC ATENAS EMPREENDIMENTOS IMOBILIARIOS SPE LTDA;PROSOLUTO;12.086.678/0001-18
086.071.706-27;GISELLE DA CONCEICAO CAMPOS MATOS;12351;12351-115452;115452;2027-06-30;1068,04;GRAN VIC ATENAS EMPREENDIMENTOS IMOBILIARIOS SPE LTDA;PROSOLUTO;12.086.678/0001-18
086.071.706-27;GISELLE DA CONCEICAO CAMPOS MATOS;12351;12351-111603;111603;2027-06-30;67,29;GRAN VIC ATENAS EMPREENDIMENTOS IMOBILIARIOS SPE LTDA;ITBI;12.086.678/0001-18
086.071.706-27;GISELLE DA CONCEICAO CAMPOS MATOS;12351;12351-111604;111604;2027-07-30;67,29;GRAN VIC ATENAS EMPREENDIMENTOS IMOBILIARIOS SPE LTDA;ITBI;12.086.678/0001-18
086.071.706-27;GISELLE DA CONCEICAO CAMPOS MATOS;12351;12351-115453;115453;2027-07-30;1068,04;GRAN VIC ATENAS EMPREENDIMENTOS IMOBILIARIOS SPE LTDA;PROSOLUTO;12.086.678/0001-18
086.071.706-27;GISELLE DA CONCEICAO CAMPOS MATOS;12351;12351-115454;115454;2027-08-30;1068,04;GRAN VIC ATENAS EMPREENDIMENTOS IMOBILIARIOS SPE LTDA;PROSOLUTO;12.086.678/0001-18
086.071.706-27;GISELLE DA CONCEICAO CAMPOS MATOS;12351;12351-111605;111605;2027-08-30;67,29;GRAN VIC ATENAS EMPREENDIMENTOS IMOBILIARIOS SPE LTDA;ITBI;12.086.678/0001-18
086.071.706-27;GISELLE DA CONCEICAO CAMPOS MATOS;12351;12351-111606;111606;2027-09-30;67,29;GRAN VIC ATENAS EMPREENDIMENTOS IMOBILIARIOS SPE LTDA;ITBI;12.086.678/0001-18
086.071.706-27;GISELLE DA CONCEICAO CAMPOS MATOS;12351;12351-115455;115455;2027-09-30;1068,04;GRAN VIC ATENAS EMPREENDIMENTOS IMOBILIARIOS SPE LTDA;PROSOLUTO;12.086.678/0001-18
086.071.706-27;GISELLE DA CONCEICAO CAMPOS MATOS;12351;12351-115456;115456;2027-10-30;1068,04;GRAN VIC ATENAS EMPREENDIMENTOS IMOBILIARIOS SPE LTDA;PROSOLUTO;12.086.678/0001-18
086.071.706-27;GISELLE DA CONCEICAO CAMPOS MATOS;12351;12351-111607;111607;2027-10-30;67,29;GRAN VIC ATENAS EMPREENDIMENTOS IMOBILIARIOS SPE LTDA;ITBI;12.086.678/0001-18
086.071.706-27;GISELLE DA CONCEICAO CAMPOS MATOS;12351;12351-115457;115457;2027-11-30;1068,04;GRAN VIC ATENAS EMPREENDIMENTOS IMOBILIARIOS SPE LTDA;PROSOLUTO;12.086.678/0001-18
086.071.706-27;GISELLE DA CONCEICAO CAMPOS MATOS;12351;12351-111608;111608;2027-11-30;67,29;GRAN VIC ATENAS EMPREENDIMENTOS IMOBILIARIOS SPE LTDA;ITBI;12.086.678/0001-18
086.071.706-27;GISELLE DA CONCEICAO CAMPOS MATOS;12351;12351-115458;115458;2027-12-30;1068,04;GRAN VIC ATENAS EMPREENDIMENTOS IMOBILIARIOS SPE LTDA;PROSOLUTO;12.086.678/0001-18
086.071.706-27;GISELLE DA CONCEICAO CAMPOS MATOS;12351;12351-111609;111609;2027-12-30;67,60;GRAN VIC ATENAS EMPREENDIMENTOS IMOBILIARIOS SPE LTDA;ITBI;12.086.678/0001-18
086.071.706-27;GISELLE DA CONCEICAO CAMPOS MATOS;12351;12351-115459;115459;2028-01-30;1068,04;GRAN VIC ATENAS EMPREENDIMENTOS IMOBILIARIOS SPE LTDA;PROSOLUTO;12.086.678/0001-18
086.071.706-27;GISELLE DA CONCEICAO CAMPOS MATOS;12351;12351-115460;115460;2028-02-29;1067,70;GRAN VIC ATENAS EMPREENDIMENTOS IMOBILIARIOS SPE LTDA;PROSOLUTO;12.086.678/0001-18
086.225.966-56;GUSTAVO LUCIO DE ARAUJO;1383;1383-43114;43114;2022-01-30;797,01;MASTER TOWER TOPÁZIO EMPREENDIMENTOS IMOBILIÁRIOS;PROSOLUTO;12.086.678/0001-18
105.135.576-10;HOFFMAN ALVES DA COSTA SILVA ;4508;4508-4881;4881;2022-07-15;565,85;VIC PARK MONTREAL EMPREENDIMENTOS IMOBILIARIOS SPE LTDA;PROSOLUTO;12.086.678/0001-18
105.135.576-10;HOFFMAN ALVES DA COSTA SILVA ;4508;4508-4882;4882;2022-08-15;577,96;VIC PARK MONTREAL EMPREENDIMENTOS IMOBILIARIOS SPE LTDA;PROSOLUTO;12.086.678/0001-18
071.954.246-42;HUDSON DOS SANTOS FIGUEIREDO;843;843-41335;41335;2022-01-30;694,20;MASTER TOWER SIENA EMPREENDIMENTOS IMOBILIÁRIOS SPE LTDA;PROSOLUTO;12.086.678/0001-18
113.541.446-78;HUDSON SILVA;2600;2600-23283;23283;2022-01-30;1052,01;MASTER TOWER SIENA EMPREENDIMENTOS IMOBILIÁRIOS SPE LTDA;PROSOLUTO;12.086.678/0001-18
005.443.846-28;JAQUELINE APARECIDA DE SOUSA;1144;1144-50762;50762;2022-01-30;636,20;MASTER TOWER TOPÁZIO EMPREENDIMENTOS IMOBILIÁRIOS;PROSOLUTO;12.086.678/0001-18
074.606.146-37;JULIO CESAR DE MENEZES XAVIER;5596;5596-66580;66580;2023-12-30;1031,52;MASTER TOWER SIENA EMPREENDIMENTOS IMOBILIÁRIOS SPE LTDA;PROSOLUTO;12.086.678/0001-18
074.606.146-37;JULIO CESAR DE MENEZES XAVIER;5596;5596-66581;66581;2024-01-30;1047,35;MASTER TOWER SIENA EMPREENDIMENTOS IMOBILIÁRIOS SPE LTDA;PROSOLUTO;12.086.678/0001-18
074.606.146-37;JULIO CESAR DE MENEZES XAVIER;5596;5596-66582;66582;2024-02-29;1064,74;MASTER TOWER SIENA EMPREENDIMENTOS IMOBILIÁRIOS SPE LTDA;PROSOLUTO;12.086.678/0001-18
074.606.146-37;JULIO CESAR DE MENEZES XAVIER;5596;5596-66583;66583;2024-03-30;1075,90;MASTER TOWER SIENA EMPREENDIMENTOS IMOBILIÁRIOS SPE LTDA;PROSOLUTO;12.086.678/0001-18
074.606.146-37;JULIO CESAR DE MENEZES XAVIER;5596;5596-66584;66584;2024-04-30;1086,38;MASTER TOWER SIENA EMPREENDIMENTOS IMOBILIÁRIOS SPE LTDA;PROSOLUTO;12.086.678/0001-18
074.606.146-37;JULIO CESAR DE MENEZES XAVIER;5596;5596-66585;66585;2024-05-30;1097,06;MASTER TOWER SIENA EMPREENDIMENTOS IMOBILIÁRIOS SPE LTDA;PROSOLUTO;12.086.678/0001-18
074.606.146-37;JULIO CESAR DE MENEZES XAVIER;5596;5596-66586;66586;2024-06-30;1110,81;MASTER TOWER SIENA EMPREENDIMENTOS IMOBILIÁRIOS SPE LTDA;PROSOLUTO;12.086.678/0001-18
074.606.146-37;JULIO CESAR DE MENEZES XAVIER;5596;5596-66587;66587;2024-07-30;1130,31;MASTER TOWER SIENA EMPREENDIMENTOS IMOBILIÁRIOS SPE LTDA;PROSOLUTO;12.086.678/0001-18
074.606.146-37;JULIO CESAR DE MENEZES XAVIER;5596;5596-66588;66588;2024-08-30;1149,19;MASTER TOWER SIENA EMPREENDIMENTOS IMOBILIÁRIOS SPE LTDA;PROSOLUTO;12.086.678/0001-18
074.606.146-37;JULIO CESAR DE MENEZES XAVIER;5596;5596-66589;66589;2024-09-30;1166,25;MASTER TOWER SIENA EMPREENDIMENTOS IMOBILIÁRIOS SPE LTDA;PROSOLUTO;12.086.678/0001-18
074.606.146-37;JULIO CESAR DE MENEZES XAVIER;5596;5596-66590;66590;2024-10-30;1180,28;MASTER TOWER SIENA EMPREENDIMENTOS IMOBILIÁRIOS SPE LTDA;PROSOLUTO;12.086.678/0001-18
074.606.146-37;JULIO CESAR DE MENEZES XAVIER;5596;5596-66591;66591;2024-11-30;1197,78;MASTER TOWER SIENA EMPREENDIMENTOS IMOBILIÁRIOS SPE LTDA;PROSOLUTO;12.086.678/0001-18
074.606.146-37;JULIO CESAR DE MENEZES XAVIER;5596;5596-66592;66592;2024-12-30;1224,43;MASTER TOWER SIENA EMPREENDIMENTOS IMOBILIÁRIOS SPE LTDA;PROSOLUTO;12.086.678/0001-18
074.606.146-37;JULIO CESAR DE MENEZES XAVIER;5596;5596-66593;66593;2025-01-30;1249,16;MASTER TOWER SIENA EMPREENDIMENTOS IMOBILIÁRIOS SPE LTDA;PROSOLUTO;12.086.678/0001-18
074.606.146-37;JULIO CESAR DE MENEZES XAVIER;5596;5596-66594;66594;2025-02-28;1270,46;MASTER TOWER SIENA EMPREENDIMENTOS IMOBILIÁRIOS SPE LTDA;PROSOLUTO;12.086.678/0001-18
074.606.146-37;JULIO CESAR DE MENEZES XAVIER;5596;5596-66595;66595;2025-03-30;1285,08;MASTER TOWER SIENA EMPREENDIMENTOS IMOBILIÁRIOS SPE LTDA;PROSOLUTO;12.086.678/0001-18
074.606.146-37;JULIO CESAR DE MENEZES XAVIER;5596;5596-66596;66596;2025-04-30;1307,92;MASTER TOWER SIENA EMPREENDIMENTOS IMOBILIÁRIOS SPE LTDA;PROSOLUTO;12.086.678/0001-18
074.606.146-37;JULIO CESAR DE MENEZES XAVIER;5596;5596-66597;66597;2025-05-30;1319,92;MASTER TOWER SIENA EMPREENDIMENTOS IMOBILIÁRIOS SPE LTDA;PROSOLUTO;12.086.678/0001-18
074.606.146-37;JULIO CESAR DE MENEZES XAVIER;5596;5596-66598;66598;2025-06-30;1334,63;MASTER TOWER SIENA EMPREENDIMENTOS IMOBILIÁRIOS SPE LTDA;PROSOLUTO;12.086.678/0001-18
074.606.146-37;JULIO CESAR DE MENEZES XAVIER;5596;5596-66599;66599;2025-07-30;1346,82;MASTER TOWER SIENA EMPREENDIMENTOS IMOBILIÁRIOS SPE LTDA;PROSOLUTO;12.086.678/0001-18
074.606.146-37;JULIO CESAR DE MENEZES XAVIER;5596;5596-66600;66600;2025-08-30;1359,19;MASTER TOWER SIENA EMPREENDIMENTOS IMOBILIÁRIOS SPE LTDA;PROSOLUTO;12.086.678/0001-18
074.606.146-37;JULIO CESAR DE MENEZES XAVIER;5596;5596-66601;66601;2025-09-30;1371,66;MASTER TOWER SIENA EMPREENDIMENTOS IMOBILIÁRIOS SPE LTDA;PROSOLUTO;12.086.678/0001-18
074.606.146-37;JULIO CESAR DE MENEZES XAVIER;5596;5596-66602;66602;2025-10-30;1388,02;MASTER TOWER SIENA EMPREENDIMENTOS IMOBILIÁRIOS SPE LTDA;PROSOLUTO;12.086.678/0001-18
074.606.146-37;JULIO CESAR DE MENEZES XAVIER;5596;5596-66603;66603;2025-11-30;1405,22;MASTER TOWER SIENA EMPREENDIMENTOS IMOBILIÁRIOS SPE LTDA;PROSOLUTO;12.086.678/0001-18
074.606.146-37;JULIO CESAR DE MENEZES XAVIER;5596;5596-66604;66604;2025-12-30;1418,07;MASTER TOWER SIENA EMPREENDIMENTOS IMOBILIÁRIOS SPE LTDA;PROSOLUTO;12.086.678/0001-18
074.606.146-37;JULIO CESAR DE MENEZES XAVIER;5596;5596-66605;66605;2026-01-30;1433,97;MASTER TOWER SIENA EMPREENDIMENTOS IMOBILIÁRIOS SPE LTDA;PROSOLUTO;12.086.678/0001-18
074.606.146-37;JULIO CESAR DE MENEZES XAVIER;5596;5596-66606;66606;2026-02-28;1433,97;MASTER TOWER SIENA EMPREENDIMENTOS IMOBILIÁRIOS SPE LTDA;PROSOLUTO;12.086.678/0001-18
074.606.146-37;JULIO CESAR DE MENEZES XAVIER;5596;5596-66607;66607;2026-03-30;1433,97;MASTER TOWER SIENA EMPREENDIMENTOS IMOBILIÁRIOS SPE LTDA;PROSOLUTO;12.086.678/0001-18
074.606.146-37;JULIO CESAR DE MENEZES XAVIER;5596;5596-66608;66608;2026-04-30;1433,89;MASTER TOWER SIENA EMPREENDIMENTOS IMOBILIÁRIOS SPE LTDA;PROSOLUTO;12.086.678/0001-18
121.518.686-05;KARINA FERNANDES LIMA;6424;6424-93671;93671;2023-06-20;745,36;GRAN VIC ATENAS EMPREENDIMENTOS IMOBILIARIOS SPE LTDA;PROSOLUTO;12.086.678/0001-18
463.372.558-01;LETICIA BENEDITA CAMARGO;5796;5796-15019;15019;2022-01-30;69,89;VILLA VIC VOTORANTIM COND. VICENZA EMP. IMOB. LTDA;ITBI;12.086.678/0001-18
463.372.558-01;LETICIA BENEDITA CAMARGO;5796;5796-14954;14954;2022-01-30;555,51;VILLA VIC VOTORANTIM COND. VICENZA EMP. IMOB. LTDA;PROSOLUTO;12.086.678/0001-18
463.372.558-01;LETICIA BENEDITA CAMARGO;5796;5796-14989;14989;2024-12-30;711,86;VILLA VIC VOTORANTIM COND. VICENZA EMP. IMOB. LTDA;PROSOLUTO;12.086.678/0001-18
702.773.396-00;LORENA ROBERTA SILVA BARBOSA;2026;2026-43421;43421;2022-01-30;635,84;VILLA BELLA LYON EMPREENDIMENTOS IMOBILIARIOS SPE LTDA;PROSOLUTO;12.086.678/0001-18
083.898.286-77;LUIZ HENRIQUE DA SILVA BARROS;C00014-0307;C00014-0307-43751;43751;2020-12-30;201,69;VP PALMITAL EMPREENDIMENTOS IMOBILIÁRIOS SPE LTDA;ITBI;12.086.678/0001-18
054.734.346-90;MARCIA DO CARMO NUNES LEITE;3568;3568-36928;36928;2022-01-30;1484,22;MASTER TOWER SIENA EMPREENDIMENTOS IMOBILIÁRIOS SPE LTDA;PROSOLUTO;12.086.678/0001-18
019.730.231-99;MARCOS TULLIO SANTANA NASCIMENTO;3571;3571-26424;26424;2022-01-30;400,99;VILLE PARK MOINHO DAS ÁGUAS EMPREENDIMENTOS IMOBILIÁRIOS SP;PROSOLUTO;12.086.678/0001-18
072.074.106-89;MARCOS VINICIUS GOMES DOS SANTOS;5582;5582-128046;128046;2024-03-26;942,54;GRAN VIC ATENAS EMPREENDIMENTOS IMOBILIARIOS SPE LTDA;EVOLUCAO DE OBRA;12.086.678/0001-18
136.773.846-64;MATHEUS FELIPE GONZAGA;6622;6622-55873;55873;2027-08-30;1126,16;MASTER TOWER SIENA EMPREENDIMENTOS IMOBILIÁRIOS SPE LTDA;PROSOLUTO;12.086.678/0001-18
113.882.786-00;NAYARA CRISTINA DO CARMO;8078;8078-64438;64438;2022-11-30;842,96;GRAN VIC ATENAS EMPREENDIMENTOS IMOBILIARIOS SPE LTDA;PROSOLUTO;12.086.678/0001-18
113.882.786-00;NAYARA CRISTINA DO CARMO;8078;8078-115139;115139;2023-04-20;1042,47;GRAN VIC ATENAS EMPREENDIMENTOS IMOBILIARIOS SPE LTDA;EVOLUCAO DE OBRA;12.086.678/0001-18
141.813.586-07;PEDRO HENRIQUE LIMA SILVA;3866;3866-34482;34482;2026-05-20;771,04;VILLA BELLA MILÃO EMPREENDIMENTOS IMOBILIARIOS SPE LTDA;PROSOLUTO;12.086.678/0001-18
701.412.776-45;SARAH KAMINSKI DOS SANTOS;5901;5901-121224;121224;2024-08-15;624,18;GRAN VIC ATENAS EMPREENDIMENTOS IMOBILIARIOS SPE LTDA;PROSOLUTO;12.086.678/0001-18
701.412.776-45;SARAH KAMINSKI DOS SANTOS;5901;5901-121225;121225;2024-09-15;633,83;GRAN VIC ATENAS EMPREENDIMENTOS IMOBILIARIOS SPE LTDA;PROSOLUTO;12.086.678/0001-18
701.412.776-45;SARAH KAMINSKI DOS SANTOS;5901;5901-121226;121226;2024-10-15;641,63;GRAN VIC ATENAS EMPREENDIMENTOS IMOBILIARIOS SPE LTDA;PROSOLUTO;12.086.678/0001-18
701.412.776-45;SARAH KAMINSKI DOS SANTOS;5901;5901-121227;121227;2024-11-15;651,49;GRAN VIC ATENAS EMPREENDIMENTOS IMOBILIARIOS SPE LTDA;PROSOLUTO;12.086.678/0001-18
701.412.776-45;SARAH KAMINSKI DOS SANTOS;5901;5901-121228;121228;2024-12-15;666,97;GRAN VIC ATENAS EMPREENDIMENTOS IMOBILIARIOS SPE LTDA;PROSOLUTO;12.086.678/0001-18
701.412.776-45;SARAH KAMINSKI DOS SANTOS;5901;5901-121229;121229;2025-01-15;681,24;GRAN VIC ATENAS EMPREENDIMENTOS IMOBILIARIOS SPE LTDA;PROSOLUTO;12.086.678/0001-18
701.412.776-45;SARAH KAMINSKI DOS SANTOS;5901;5901-121230;121230;2025-02-15;693,41;GRAN VIC ATENAS EMPREENDIMENTOS IMOBILIARIOS SPE LTDA;PROSOLUTO;12.086.678/0001-18
701.412.776-45;SARAH KAMINSKI DOS SANTOS;5901;5901-121231;121231;2025-03-15;701,51;GRAN VIC ATENAS EMPREENDIMENTOS IMOBILIARIOS SPE LTDA;PROSOLUTO;12.086.678/0001-18
701.412.776-45;SARAH KAMINSKI DOS SANTOS;5901;5901-121232;121232;2025-04-15;714,63;GRAN VIC ATENAS EMPREENDIMENTOS IMOBILIARIOS SPE LTDA;PROSOLUTO;12.086.678/0001-18
701.412.776-45;SARAH KAMINSKI DOS SANTOS;5901;5901-121233;121233;2025-05-15;721,13;GRAN VIC ATENAS EMPREENDIMENTOS IMOBILIARIOS SPE LTDA;PROSOLUTO;12.086.678/0001-18
701.412.776-45;SARAH KAMINSKI DOS SANTOS;5901;5901-121234;121234;2025-06-15;729,23;GRAN VIC ATENAS EMPREENDIMENTOS IMOBILIARIOS SPE LTDA;PROSOLUTO;12.086.678/0001-18
701.412.776-45;SARAH KAMINSKI DOS SANTOS;5901;5901-121235;121235;2025-07-15;735,85;GRAN VIC ATENAS EMPREENDIMENTOS IMOBILIARIOS SPE LTDA;PROSOLUTO;12.086.678/0001-18
701.412.776-45;SARAH KAMINSKI DOS SANTOS;5901;5901-121236;121236;2025-08-15;742,53;GRAN VIC ATENAS EMPREENDIMENTOS IMOBILIARIOS SPE LTDA;PROSOLUTO;12.086.678/0001-18
701.412.776-45;SARAH KAMINSKI DOS SANTOS;5901;5901-121237;121237;2025-09-15;749,26;GRAN VIC ATENAS EMPREENDIMENTOS IMOBILIARIOS SPE LTDA;PROSOLUTO;12.086.678/0001-18
701.412.776-45;SARAH KAMINSKI DOS SANTOS;5901;5901-121238;121238;2025-10-15;758,36;GRAN VIC ATENAS EMPREENDIMENTOS IMOBILIARIOS SPE LTDA;PROSOLUTO;12.086.678/0001-18
701.412.776-45;SARAH KAMINSKI DOS SANTOS;5901;5901-121239;121239;2025-11-15;767,98;GRAN VIC ATENAS EMPREENDIMENTOS IMOBILIARIOS SPE LTDA;PROSOLUTO;12.086.678/0001-18
701.412.776-45;SARAH KAMINSKI DOS SANTOS;5901;5901-121240;121240;2025-12-15;774,94;GRAN VIC ATENAS EMPREENDIMENTOS IMOBILIARIOS SPE LTDA;PROSOLUTO;12.086.678/0001-18
701.412.776-45;SARAH KAMINSKI DOS SANTOS;5901;5901-121241;121241;2026-01-15;774,94;GRAN VIC ATENAS EMPREENDIMENTOS IMOBILIARIOS SPE LTDA;PROSOLUTO;12.086.678/0001-18
701.412.776-45;SARAH KAMINSKI DOS SANTOS;5901;5901-121242;121242;2026-02-15;774,94;GRAN VIC ATENAS EMPREENDIMENTOS IMOBILIARIOS SPE LTDA;PROSOLUTO;12.086.678/0001-18
701.412.776-45;SARAH KAMINSKI DOS SANTOS;5901;5901-121243;121243;2026-03-15;774,94;GRAN VIC ATENAS EMPREENDIMENTOS IMOBILIARIOS SPE LTDA;PROSOLUTO;12.086.678/0001-18
701.412.776-45;SARAH KAMINSKI DOS SANTOS;5901;5901-121244;121244;2026-04-15;774,94;GRAN VIC ATENAS EMPREENDIMENTOS IMOBILIARIOS SPE LTDA;PROSOLUTO;12.086.678/0001-18
701.412.776-45;SARAH KAMINSKI DOS SANTOS;5901;5901-121245;121245;2026-05-15;774,94;GRAN VIC ATENAS EMPREENDIMENTOS IMOBILIARIOS SPE LTDA;PROSOLUTO;12.086.678/0001-18
701.412.776-45;SARAH KAMINSKI DOS SANTOS;5901;5901-121246;121246;2026-06-15;774,94;GRAN VIC ATENAS EMPREENDIMENTOS IMOBILIARIOS SPE LTDA;PROSOLUTO;12.086.678/0001-18
701.412.776-45;SARAH KAMINSKI DOS SANTOS;5901;5901-121247;121247;2026-07-15;774,94;GRAN VIC ATENAS EMPREENDIMENTOS IMOBILIARIOS SPE LTDA;PROSOLUTO;12.086.678/0001-18
701.412.776-45;SARAH KAMINSKI DOS SANTOS;5901;5901-121248;121248;2026-08-15;774,94;GRAN VIC ATENAS EMPREENDIMENTOS IMOBILIARIOS SPE LTDA;PROSOLUTO;12.086.678/0001-18
701.412.776-45;SARAH KAMINSKI DOS SANTOS;5901;5901-121249;121249;2026-09-15;774,94;GRAN VIC ATENAS EMPREENDIMENTOS IMOBILIARIOS SPE LTDA;PROSOLUTO;12.086.678/0001-18
701.412.776-45;SARAH KAMINSKI DOS SANTOS;5901;5901-121250;121250;2026-10-15;774,94;GRAN VIC ATENAS EMPREENDIMENTOS IMOBILIARIOS SPE LTDA;PROSOLUTO;12.086.678/0001-18
701.412.776-45;SARAH KAMINSKI DOS SANTOS;5901;5901-121251;121251;2026-11-15;774,94;GRAN VIC ATENAS EMPREENDIMENTOS IMOBILIARIOS SPE LTDA;PROSOLUTO;12.086.678/0001-18
701.412.776-45;SARAH KAMINSKI DOS SANTOS;5901;5901-121252;121252;2026-12-15;774,94;GRAN VIC ATENAS EMPREENDIMENTOS IMOBILIARIOS SPE LTDA;PROSOLUTO;12.086.678/0001-18
701.412.776-45;SARAH KAMINSKI DOS SANTOS;5901;5901-121253;121253;2027-01-15;774,94;GRAN VIC ATENAS EMPREENDIMENTOS IMOBILIARIOS SPE LTDA;PROSOLUTO;12.086.678/0001-18
701.412.776-45;SARAH KAMINSKI DOS SANTOS;5901;5901-121254;121254;2027-02-15;774,94;GRAN VIC ATENAS EMPREENDIMENTOS IMOBILIARIOS SPE LTDA;PROSOLUTO;12.086.678/0001-18
701.412.776-45;SARAH KAMINSKI DOS SANTOS;5901;5901-121255;121255;2027-03-15;774,94;GRAN VIC ATENAS EMPREENDIMENTOS IMOBILIARIOS SPE LTDA;PROSOLUTO;12.086.678/0001-18
701.412.776-45;SARAH KAMINSKI DOS SANTOS;5901;5901-121256;121256;2027-04-15;774,94;GRAN VIC ATENAS EMPREENDIMENTOS IMOBILIARIOS SPE LTDA;PROSOLUTO;12.086.678/0001-18
701.412.776-45;SARAH KAMINSKI DOS SANTOS;5901;5901-121257;121257;2027-05-15;774,94;GRAN VIC ATENAS EMPREENDIMENTOS IMOBILIARIOS SPE LTDA;PROSOLUTO;12.086.678/0001-18
701.412.776-45;SARAH KAMINSKI DOS SANTOS;5901;5901-121258;121258;2027-06-15;774,87;GRAN VIC ATENAS EMPREENDIMENTOS IMOBILIARIOS SPE LTDA;PROSOLUTO;12.086.678/0001-18
596.746.876-53;WELLINGTON GONÇALVES DO CARMO;5480;5480-20465;20465;2021-06-20;355,65;GRAN VIC ATENAS EMPREENDIMENTOS IMOBILIARIOS SPE LTDA;PROSOLUTO;12.086.678/0001-18
