﻿CPFCNPJ CLIENTE;TELEFONE;EMAIL;OBSERVACAO;NOME;TELEFONE PRINCIPAL
005.443.846-28;3130796000;;Base Vic - 15/12/2025;JAQUELINE APARECIDA DE SOUSA;1
005.443.846-28;31997683820;;Base Vic - 15/12/2025;JAQUELINE APARECIDA DE SOUSA;1
018.918.936-37;31982010196;;Base Vic - 15/12/2025;Gabriel Eustaquio Mascena da Silva;1
019.730.231-99;34988917219;;Base Vic - 15/12/2025;MARCOS TULLIO SANTANA NASCIMENTO;1
019.730.231-99;34991162540;;Base Vic - 15/12/2025;MARCOS TULLIO SANTANA NASCIMENTO;1
020.051.632-95;31990794696;;Base Vic - 15/12/2025;ALINE INÁCIO DE CARVALHO;1
020.608.406-43;31987203351;;Base Vic - 15/12/2025;CARLOS RAFAEL OLIVEIRA SANTOS;1
021.624.416-16;34988865761;;Base Vic - 15/12/2025;MARCELO FELIX FRAGA JUNIOR;1
031.801.816-05;31999713072;;Base Vic - 15/12/2025;VALDIR DA SILVA NOVAES;1
031.801.816-05;31981205663;;Base Vic - 15/12/2025;VALDIR DA SILVA NOVAES;1
034.948.596-80;31983020294;;Base Vic - 15/12/2025;WALDEMIR LUIZ GOMES;1
035.496.321-00;31997289329;;Base Vic - 15/12/2025;ELIVELTON DE ALMEIDA RAMOS SANTOS;1
045.770.581-70;61994382736;;Base Vic - 15/12/2025;MATHEUS DOS SANTOS FERREIRA;1
049.672.136-42;31972080885;;Base Vic - 15/12/2025;EDMAR SILVA E SOUZA;1
053.967.806-65;31988468343;;Base Vic - 15/12/2025;FABRICIO PEREIRA BARRETO;1
054.734.346-90;31985122662;;Base Vic - 15/12/2025;MARCIA DO CARMO NUNES LEITE;1
054.734.346-90;31984259706;;Base Vic - 15/12/2025;MARCIA DO CARMO NUNES LEITE;1
063.264.436-28;31991318984;;Base Vic - 15/12/2025;LEIDIANE HELENA DIAS;1
071.954.246-42;3136219799;;Base Vic - 15/12/2025;HUDSON DOS SANTOS FIGUEIREDO;1
071.954.246-42;31362944114;;Base Vic - 15/12/2025;HUDSON DOS SANTOS FIGUEIREDO;1
071.954.246-42;31971735750;;Base Vic - 15/12/2025;HUDSON DOS SANTOS FIGUEIREDO;1
072.074.106-89;31993942602;;Base Vic - 15/12/2025;MARCOS VINICIUS GOMES DOS SANTOS;1
074.606.146-37;31987957527;;Base Vic - 15/12/2025;JULIO CESAR DE MENEZES XAVIER;1
082.682.986-42;31999393167;;Base Vic - 15/12/2025;JULIO CEZAR CARVALHO OLIVEIRA;1
083.898.286-77;31986700130;;Base Vic - 15/12/2025;LUIZ HENRIQUE DA SILVA BARROS;1
083.898.286-77;31986574721;;Base Vic - 15/12/2025;LUIZ HENRIQUE DA SILVA BARROS;1
086.071.706-27;31991079415;;Base Vic - 15/12/2025;GISELLE DA CONCEICAO CAMPOS MATOS;1
086.225.966-56;31991172314;;Base Vic - 15/12/2025;GUSTAVO LUCIO DE ARAUJO;1
087.881.366-71;31998443273;;Base Vic - 15/12/2025;SEBASTIAO RODRIGUES PEREIRA;1
090.833.726-42;31985966316;;Base Vic - 15/12/2025;TAHISE MENDES DO CARMO;1
090.933.346-70;34993069872;;Base Vic - 15/12/2025;RAPHAEL PHELIPE SANTOS DE ASSIS;1
091.420.506-42;3136212050;;Base Vic - 15/12/2025;SUELEN CRISTINA RODRIGUES;1
091.420.506-42;31995922112;;Base Vic - 15/12/2025;SUELEN CRISTINA RODRIGUES;1
096.644.038-22;11916910536;;Base Vic - 15/12/2025;MARCIO JOSE VIEIRA;1
097.862.746-60;33988069511;;Base Vic - 15/12/2025;RICARDO DOS SANTOS SOUZA;1
098.791.516-90;31989853255;;Base Vic - 15/12/2025;ARIELEM PRISCILA DOS SANTOS DA SILVA;1
102.938.286-79;34992097750;;Base Vic - 15/12/2025;POLIANA DA SILVA;1
105.135.576-10;31992999692;;Base Vic - 15/12/2025;HOFFMAN ALVES DA COSTA SILVA;1
106.633.826-45;3433315200;;Base Vic - 15/12/2025;ANA PAULA RODRIGUES MOREIRA;1
106.633.826-45;34997942368;;Base Vic - 15/12/2025;ANA PAULA RODRIGUES MOREIRA;1
108.274.576-69;31987279503;;Base Vic - 15/12/2025;LUCIANA SILVA SOUSA;1
108.529.696-27;31986105932;;Base Vic - 15/12/2025;LUCAS DO CARMO GOMES;1
109.987.366-51;3136073898;;Base Vic - 15/12/2025;BRUNO FELIPE DE SOUZA MELO;1
109.987.366-51;3121382000;;Base Vic - 15/12/2025;BRUNO FELIPE DE SOUZA MELO;1
109.987.366-51;31975212676;;Base Vic - 15/12/2025;BRUNO FELIPE DE SOUZA MELO;1
113.541.446-78;31999873575;;Base Vic - 15/12/2025;HUDSON SILVA;1
113.541.446-78;3132794427;;Base Vic - 15/12/2025;HUDSON SILVA;1
113.882.786-00;31993254238;;Base Vic - 15/12/2025;NAYARA CRISTINA DO CARMO;1
116.112.996-08;31994320210;;Base Vic - 15/12/2025;ERICK VINICIUS DE PAULA MARTINS;1
119.149.779-80;21995500028;;Base Vic - 15/12/2025;LIDIANE CASTRO SILVA PIRES;1
120.745.236-02;31985765489;;Base Vic - 15/12/2025;RAIANE RIBEIRO ROCHA;1
120.821.816-69;34992012568;;Base Vic - 15/12/2025;LINIKER MATHEUS MEDEIROS DE ALMEIDA;1
121.518.686-05;31992046170;;Base Vic - 15/12/2025;KARINA FERNANDES LIMA;1
124.453.846-99;31994478917;;Base Vic - 15/12/2025;EDERSON FRAGA MARTINS;1
125.164.526-75;31975595681;;Base Vic - 15/12/2025;MARLON JUNIO SILVEIRA RAMOS;1
132.215.436-89;31975250887;;Base Vic - 15/12/2025;LEIDIANE APARECIDA FERREIRA;1
136.773.846-64;31991597795;;Base Vic - 15/12/2025;MATHEUS FELIPE GONZAGA;1
137.181.226-85;34996999543;;Base Vic - 15/12/2025;DIEGO ANTONIO COSTA;1
137.181.226-85;34996463807;;Base Vic - 15/12/2025;DIEGO ANTONIO COSTA;1
140.775.176-05;31971805979;;Base Vic - 15/12/2025;ANDREIK LEONARDO NONATO;1
141.813.586-07;38998690398;;Base Vic - 15/12/2025;PEDRO HENRIQUE LIMA SILVA;1
146.828.066-02;31997691131;;Base Vic - 15/12/2025;MONIK CRISTINA OLIVEIRA GRACIANO;1
151.559.927-29;21982877372;;Base Vic - 15/12/2025;ISAIAS SOUZA DE OLIVEIRA SANTOS;1
156.527.947-63;07592615636;;Base Vic - 15/12/2025;Cid Clei da Conceição Machado Junior;1
164.608.377-67;21964035794;;Base Vic - 15/12/2025;DOMINIQUE ESTHER DE SOUZA BARBOZA FERNANDES;1
173.768.706-28;31992116403;;Base Vic - 15/12/2025;ADRIANA RODRIGUES DE OLIVEIRA;1
212.437.477-06;21995622561;;Base Vic - 15/12/2025;MARIA LUIZA SANTOS DE PAULA;1
28.021.338/0001-49;1933652160;;Base Vic - 15/12/2025;RT-COMPANY SERVICOS ADMINISTRATIVOS EMPRESARIAIS LTDA;1
290.579.838-69;11989249523;;Base Vic - 15/12/2025;FRANCISCO JOSE BAGUES FERREIRA;1
308.000.608-90;15988224828;;Base Vic - 15/12/2025;ALEXANDRA LOPES MORAIS;1
324.631.378-43;19989064252;;Base Vic - 15/12/2025;ALDEMI FARIAS BATISTA;1
328.198.798-29;15997566411;;Base Vic - 15/12/2025;CAMILA CRISTINA CIPRIANO;1
391.605.758-83;15991103535;;Base Vic - 15/12/2025;BÁRBARA STEFANI DA SILVA GONÇALVES;1
406.067.278-50;19997347973;;Base Vic - 15/12/2025;ALINE ZANINI;1
416.693.498-88;19989675436;;Base Vic - 15/12/2025;GIOVANNA DE FATIMA ZANON;1
448.512.168-23;11984600197;;Base Vic - 15/12/2025;Vinicius Elias Bispo Santos da Silva;1
462.413.858-95;15981693069;;Base Vic - 15/12/2025;ANA FLAVIA GOMES CUSTODIO;1
463.372.558-01;15998354624;;Base Vic - 15/12/2025;LETICIA BENEDITA CAMARGO;1
465.393.918-70;11960775556;;Base Vic - 15/12/2025;Camilla Polido;1
465.466.528-54;15998594554;;Base Vic - 15/12/2025;HENRIQUE DE OLIVEIRA FERRAZ CRUZ;1
474.050.418-92;15996871699;;Base Vic - 15/12/2025;GIOVANE DE FARIA FERRI VIEIRA;1
477.687.508-02;15996201057;;Base Vic - 15/12/2025;MATHEUS HIERO DE ALMEIDA;1
497.711.698-40;1122272853;;Base Vic - 15/12/2025;PALOMA BEZERRA DE ALCANTARA GOMES;1
497.711.698-40;11954092615;;Base Vic - 15/12/2025;PALOMA BEZERRA DE ALCANTARA GOMES;1
514.554.298-48;19983380507;;Base Vic - 15/12/2025;CAIQUE DA SILVA RIBEIRO;1
585.491.619-34;19995328197;;Base Vic - 15/12/2025;VERA LUCIA APARECIDA FOSSALUZZA;1
591.389.987-34;21964384859;;Base Vic - 15/12/2025;CARLSON GONCALVES DOS SANTOS;1
596.746.876-53;31985192061;;Base Vic - 15/12/2025;WELLINGTON GONÇALVES DO CARMO;1
619.262.603-09;34999303457;;Base Vic - 15/12/2025;JOAO PAULO DO NASCIMENTO SILVA;1
701.412.776-45;31994507883;;Base Vic - 15/12/2025;SARAH KAMINSKI DOS SANTOS;1
702.241.086-03;31992662893;;Base Vic - 15/12/2025;INARA GABRIELA CONCEIÇÃO DOS SANTOS;1
702.773.396-00;31992687830;;Base Vic - 15/12/2025;LORENA ROBERTA SILVA BARBOSA;1
702.773.396-00;3125102511;;Base Vic - 15/12/2025;LORENA ROBERTA SILVA BARBOSA;1
703.079.406-08;31997244869;;Base Vic - 15/12/2025;WESLEY DE SOUZA LEMOS;1
884.273.231-15;61998194536;;Base Vic - 15/12/2025;FRANCILEIDE BERNARDO DE FREITAS CARDOSO;1
964.093.478-04;19994477009;;Base Vic - 15/12/2025;EDVALDO JOSE VALERIO;1
985.360.283-00;19982207267;;Base Vic - 15/12/2025;ANA LUCIA DO NASCIMENTO OLIVEIRA;1
005.443.846-28;;jaquelineapso@yahoo.com.br;Base Vic - 15/12/2025;JAQUELINE APARECIDA DE SOUSA;1
018.918.936-37;;gabrielmascena789@gmail.com;Base Vic - 15/12/2025;Gabriel Eustaquio Mascena da Silva;1
019.730.231-99;;MARCOSTULLIO232325@GMAIL.COM;Base Vic - 15/12/2025;MARCOS TULLIO SANTANA NASCIMENTO;1
020.051.632-95;;alinegabriel2413@gmail.com;Base Vic - 15/12/2025;ALINE INÁCIO DE CARVALHO;1
020.608.406-43;;rafaelsantosbrbola@gmail.com;Base Vic - 15/12/2025;CARLOS RAFAEL OLIVEIRA SANTOS;1
021.624.416-16;;marceloffj@hotmail.com;Base Vic - 15/12/2025;MARCELO FELIX FRAGA JUNIOR;1
031.801.816-05;;valdir2022vv@gmail.com;Base Vic - 15/12/2025;VALDIR DA SILVA NOVAES;1
034.948.596-80;;demir302007@hotmail.com;Base Vic - 15/12/2025;WALDEMIR LUIZ GOMES;1
035.496.321-00;;eliveltonalmeidasantosb13@gmail.com;Base Vic - 15/12/2025;ELIVELTON DE ALMEIDA RAMOS SANTOS;1
045.770.581-70;;matheus9550@outlook.com;Base Vic - 15/12/2025;MATHEUS DOS SANTOS FERREIRA;1
049.672.136-42;;bclaudinha2020lorran@gmail.com;Base Vic - 15/12/2025;EDMAR SILVA E SOUZA;1
053.967.806-65;;dfabryan31@yahoo.com.br;Base Vic - 15/12/2025;FABRICIO PEREIRA BARRETO;1
054.734.346-90;;marcianunes910@gmail.com;Base Vic - 15/12/2025;MARCIA DO CARMO NUNES LEITE;1
063.264.436-28;;leidianeduda15@gmail.com;Base Vic - 15/12/2025;LEIDIANE HELENA DIAS;1
071.954.246-42;;lucianedavilasilva33@gmail.com;Base Vic - 15/12/2025;HUDSON DOS SANTOS FIGUEIREDO;1
072.074.106-89;;marcosviniciusgomes84@gmail.com;Base Vic - 15/12/2025;MARCOS VINICIUS GOMES DOS SANTOS;1
074.606.146-37;;juliomenezes87@hotmail.com;Base Vic - 15/12/2025;JULIO CESAR DE MENEZES XAVIER;1
082.682.986-42;;juliocesarejm3@gmail.com;Base Vic - 15/12/2025;JULIO CEZAR CARVALHO OLIVEIRA;1
083.898.286-77;;luiz.hsb18@gmail.com;Base Vic - 15/12/2025;LUIZ HENRIQUE DA SILVA BARROS;1
086.071.706-27;;giselle1986matos@gmail.com;Base Vic - 15/12/2025;GISELLE DA CONCEICAO CAMPOS MATOS;1
086.225.966-56;;gustavoluciokl@hotmail.com;Base Vic - 15/12/2025;GUSTAVO LUCIO DE ARAUJO;1
087.881.366-71;;nichgonzaga.jf@gmail.com;Base Vic - 15/12/2025;SEBASTIAO RODRIGUES PEREIRA;1
090.833.726-42;;tahise.dc@gmail.com;Base Vic - 15/12/2025;TAHISE MENDES DO CARMO;1
090.933.346-70;;raphastyl7@gmail.com;Base Vic - 15/12/2025;RAPHAEL PHELIPE SANTOS DE ASSIS;1
091.420.506-42;;suelencrodrigues2017@gmail.com;Base Vic - 15/12/2025;SUELEN CRISTINA RODRIGUES;1
096.644.038-22;;josemaarcio25@gmail.com;Base Vic - 15/12/2025;MARCIO JOSE VIEIRA;1
097.862.746-60;;following.docs@gmail.com;Base Vic - 15/12/2025;RICARDO DOS SANTOS SOUZA;1
098.791.516-90;;arielem.priscilla2014@gmail.com;Base Vic - 15/12/2025;ARIELEM PRISCILA DOS SANTOS DA SILVA;1
102.938.286-79;;polianasilvam.27@icloud.com;Base Vic - 15/12/2025;POLIANA DA SILVA;1
105.135.576-10;;hoffmamalves89@gmail.com;Base Vic - 15/12/2025;HOFFMAN ALVES DA COSTA SILVA;1
106.633.826-45;;anajuniorrodrigues@gmail.com;Base Vic - 15/12/2025;ANA PAULA RODRIGUES MOREIRA;1
108.274.576-69;;lucianasousalivia@gmail.com;Base Vic - 15/12/2025;LUCIANA SILVA SOUSA;1
108.529.696-27;;lucascarmoi300@gmail.com;Base Vic - 15/12/2025;LUCAS DO CARMO GOMES;1
109.987.366-51;;bruno_mello5@hotmail.com;Base Vic - 15/12/2025;BRUNO FELIPE DE SOUZA MELO;1
113.541.446-78;;hudson_evp@outlook.com;Base Vic - 15/12/2025;HUDSON SILVA;1
113.882.786-00;;nay.aleixo19@gmail.com;Base Vic - 15/12/2025;NAYARA CRISTINA DO CARMO;1
116.112.996-08;;martins.erickv@gmail.com;Base Vic - 15/12/2025;ERICK VINICIUS DE PAULA MARTINS;1
119.149.779-80;;lidianecastrosilvapires@gmail.com;Base Vic - 15/12/2025;LIDIANE CASTRO SILVA PIRES;1
120.745.236-02;;raianeribeiro65@gmail.com;Base Vic - 15/12/2025;RAIANE RIBEIRO ROCHA;1
120.821.816-69;;gfsxchubddzjj@gmail.com;Base Vic - 15/12/2025;LINIKER MATHEUS MEDEIROS DE ALMEIDA;1
121.518.686-05;;karinafernandeslima00@gmail.com;Base Vic - 15/12/2025;KARINA FERNANDES LIMA;1
124.453.846-99;;edersonmartins0405@gmail.com;Base Vic - 15/12/2025;EDERSON FRAGA MARTINS;1
125.164.526-75;;marlonjuniosr@gmail.com;Base Vic - 15/12/2025;MARLON JUNIO SILVEIRA RAMOS;1
132.215.436-89;;leidianeferreira700@gmail.com;Base Vic - 15/12/2025;LEIDIANE APARECIDA FERREIRA;1
136.773.846-64;;matheusfelipe3@icloud.com;Base Vic - 15/12/2025;MATHEUS FELIPE GONZAGA;1
137.181.226-85;;diegoaccri@gmail.com;Base Vic - 15/12/2025;DIEGO ANTONIO COSTA;1
140.775.176-05;;andreikleonardo@hotmail.com;Base Vic - 15/12/2025;ANDREIK LEONARDO NONATO;1
141.813.586-07;;tainaradanubia73@gmail.com;Base Vic - 15/12/2025;PEDRO HENRIQUE LIMA SILVA;1
146.828.066-02;;cristinamonik900@gmail.com;Base Vic - 15/12/2025;MONIK CRISTINA OLIVEIRA GRACIANO;1
151.559.927-29;;isaiasbld38@gmail.com;Base Vic - 15/12/2025;ISAIAS SOUZA DE OLIVEIRA SANTOS;1
156.527.947-63;;juninho.sofia19@gmail.com;Base Vic - 15/12/2025;Cid Clei da Conceição Machado Junior;1
164.608.377-67;;dominiquebarboza12@gmail.com;Base Vic - 15/12/2025;DOMINIQUE ESTHER DE SOUZA BARBOZA FERNANDES;1
173.768.706-28;;adrianarodriguesoliveira935@gmail.com;Base Vic - 15/12/2025;ADRIANA RODRIGUES DE OLIVEIRA;1
212.437.477-06;;marialuizasants11@gmail.com;Base Vic - 15/12/2025;MARIA LUIZA SANTOS DE PAULA;1
28.021.338/0001-49;;MARCELOMATHEUS@GMAIL.COM;Base Vic - 15/12/2025;RT-COMPANY SERVICOS ADMINISTRATIVOS EMPRESARIAIS LTDA;1
290.579.838-69;;francisco_ferreira@yahoo.com;Base Vic - 15/12/2025;FRANCISCO JOSE BAGUES FERREIRA;1
308.000.608-90;;alexandralopes0106@gmail.com;Base Vic - 15/12/2025;ALEXANDRA LOPES MORAIS;1
324.631.378-43;;aldemi.fariasbatista@gmail.com;Base Vic - 15/12/2025;ALDEMI FARIAS BATISTA;1
328.198.798-29;;kamilacrisma@gmail.com;Base Vic - 15/12/2025;CAMILA CRISTINA CIPRIANO;1
391.605.758-83;;emanuellyvallentyne58@gmail.com;Base Vic - 15/12/2025;BÁRBARA STEFANI DA SILVA GONÇALVES;1
406.067.278-50;;alinezanini04@gmail.com;Base Vic - 15/12/2025;ALINE ZANINI;1
416.693.498-88;;gizaanon@gmail.com;Base Vic - 15/12/2025;GIOVANNA DE FATIMA ZANON;1
448.512.168-23;;vinicius.mineiro85@outlook.com;Base Vic - 15/12/2025;Vinicius Elias Bispo Santos da Silva;1
462.413.858-95;;anaflaviagomescustodio@gmail.com;Base Vic - 15/12/2025;ANA FLAVIA GOMES CUSTODIO;1
463.372.558-01;;letiiciacamargo12@gmail.com;Base Vic - 15/12/2025;LETICIA BENEDITA CAMARGO;1
465.393.918-70;;polidocami@gmail.com;Base Vic - 15/12/2025;Camilla Polido;1
465.466.528-54;;rike015oliveiraferraz43@gmail.com;Base Vic - 15/12/2025;HENRIQUE DE OLIVEIRA FERRAZ CRUZ;1
474.050.418-92;;giovane.f.ferri@gmail.com;Base Vic - 15/12/2025;GIOVANE DE FARIA FERRI VIEIRA;1
475.901.988-03;;davidsoare20@gmail.com;Base Vic - 15/12/2025;DAVID SOARES DE ALMEIDA DOS SANTOS;1
477.687.508-02;;matheushiero245@gmail.com;Base Vic - 15/12/2025;MATHEUS HIERO DE ALMEIDA;1
497.711.698-40;;GOMES10PALOMA@GMAIL.COM;Base Vic - 15/12/2025;PALOMA BEZERRA DE ALCANTARA GOMES;1
514.554.298-48;;caiquedasilvaribeiro@gmail.com;Base Vic - 15/12/2025;CAIQUE DA SILVA RIBEIRO;1
585.491.619-34;;vera.fosssaluzza357@outlook.com;Base Vic - 15/12/2025;VERA LUCIA APARECIDA FOSSALUZZA;1
591.389.987-34;;vaniacarla08@yahoo.com;Base Vic - 15/12/2025;CARLSON GONCALVES DOS SANTOS;1
596.746.876-53;;carmowellington50@gmail.com;Base Vic - 15/12/2025;WELLINGTON GONÇALVES DO CARMO;1
619.262.603-09;;joaopaulosillva47@gmail.com;Base Vic - 15/12/2025;JOAO PAULO DO NASCIMENTO SILVA;1
701.412.776-45;;kaminskisarah2@gmail.com;Base Vic - 15/12/2025;SARAH KAMINSKI DOS SANTOS;1
702.241.086-03;;inaragabriela0615@gmail.com;Base Vic - 15/12/2025;INARA GABRIELA CONCEIÇÃO DOS SANTOS;1
702.773.396-00;;mateusdias0@gmail.com;Base Vic - 15/12/2025;LORENA ROBERTA SILVA BARBOSA;1
703.079.406-08;;sosi21sousa@gmail.com;Base Vic - 15/12/2025;WESLEY DE SOUZA LEMOS;1
884.273.231-15;;idescontabilidade@gmail.com;Base Vic - 15/12/2025;FRANCILEIDE BERNARDO DE FREITAS CARDOSO;1
964.093.478-04;;dorfortv@gmail.com;Base Vic - 15/12/2025;EDVALDO JOSE VALERIO;1
985.360.283-00;;nanaluciadonascimentooliveira@gmail.com;Base Vic - 15/12/2025;ANA LUCIA DO NASCIMENTO OLIVEIRA;1
