﻿motivo_inconsistencia;CPFCNPJ_CLIENTE;NOME_RAZAO_SOCIAL;NUMERO_CONTRATO;DATA CONTRATO;PLANO;PRODUTO;OBSERVACAO CONTRATO;PARCELA;VENCIMENTO;VALOR;OBSERVACAO PARCELA;TEL. RESIDENCIAL;TEL. COMERCIAL;TEL. CELULAR;EMAIL;ENDERECO;NUMERO;BAIRRO;CEP;CIDADE;UF;RG IE;RECEBIDO;STATUS_TITULO;DT_BAIXA;TIPO_PARCELA;ORIGEM;VALOR ORIGINAL;EMPREENDIMENTO;DATA_BASE
"CPF/CNPJ nulo ou vazio;";;33172140;Santa Luzia;MG;07902835489;739,2;BAIXADO;25/10/2022;PROSOLUTO;TIN;738,54;VILLA BELLA DUBAI EMPREENDIMENTOS IMOBILIARIOS SPE LTDA;;;;;;;;;;;;;;;;;;15/12/2025
"CPF/CNPJ nulo ou vazio;";;33172140;Santa Luzia;MG;07902835489;739,87;BAIXADO;24/11/2022;PROSOLUTO;TIN;738,54;VILLA BELLA DUBAI EMPREENDIMENTOS IMOBILIARIOS SPE LTDA;;;;;;;;;;;;;;;;;;15/12/2025
"CPF/CNPJ nulo ou vazio;";;33172140;Santa Luzia;MG;07902835489;740,76;BAIXADO;27/12/2022;PROSOLUTO;TIN;738,54;VILLA BELLA DUBAI EMPREENDIMENTOS IMOBILIARIOS SPE LTDA;;;;;;;;;;;;;;;;;;15/12/2025
"CPF/CNPJ nulo ou vazio;";;33172140;Santa Luzia;MG;07902835489;743,55;BAIXADO;25/01/2023;PROSOLUTO;TIN;739,99;VILLA BELLA DUBAI EMPREENDIMENTOS IMOBILIARIOS SPE LTDA;;;;;;;;;;;;;;;;;;15/12/2025
"CPF/CNPJ nulo ou vazio;";;33172140;Santa Luzia;MG;07902835489;15,62;BAIXADO;25/01/2023;ITBI;TIN;15,62;VILLA BELLA DUBAI EMPREENDIMENTOS IMOBILIARIOS SPE LTDA;;;;;;;;;;;;;;;;;;15/12/2025
"CPF/CNPJ nulo ou vazio;";;33172140;Santa Luzia;MG;07902835489;744,21;BAIXADO;28/02/2023;PROSOLUTO;TIN;739,99;VILLA BELLA DUBAI EMPREENDIMENTOS IMOBILIARIOS SPE LTDA;;;;;;;;;;;;;;;;;;15/12/2025
"CPF/CNPJ nulo ou vazio;";;33172140;Santa Luzia;MG;07902835489;747,64;BAIXADO;28/03/2023;PROSOLUTO;TIN;739,99;VILLA BELLA DUBAI EMPREENDIMENTOS IMOBILIARIOS SPE LTDA;;;;;;;;;;;;;;;;;;15/12/2025
"CPF/CNPJ nulo ou vazio;";;33172140;Santa Luzia;MG;07902835489;764,72;BAIXADO;03/05/2023;PROSOLUTO;TIN;739,99;VILLA BELLA DUBAI EMPREENDIMENTOS IMOBILIARIOS SPE LTDA;;;;;;;;;;;;;;;;;;15/12/2025
"CPF/CNPJ nulo ou vazio;";;33172140;Santa Luzia;MG;07902835489;766,26;BAIXADO;30/05/2023;PROSOLUTO;TIN;739,99;VILLA BELLA DUBAI EMPREENDIMENTOS IMOBILIARIOS SPE LTDA;;;;;;;;;;;;;;;;;;15/12/2025
"CPF/CNPJ nulo ou vazio;";;33172140;Santa Luzia;MG;07902835489;768,33;BAIXADO;04/07/2023;PROSOLUTO;TIN;739,99;VILLA BELLA DUBAI EMPREENDIMENTOS IMOBILIARIOS SPE LTDA;;;;;;;;;;;;;;;;;;15/12/2025
"CPF/CNPJ nulo ou vazio;";;33172140;Santa Luzia;MG;07902835489;777,85;BAIXADO;23/08/2023;PROSOLUTO;TIN;739,99;VILLA BELLA DUBAI EMPREENDIMENTOS IMOBILIARIOS SPE LTDA;;;;;;;;;;;;;;;;;;15/12/2025
"CPF/CNPJ nulo ou vazio;";;33172140;Santa Luzia;MG;07902835489;784,82;BAIXADO;29/09/2023;PROSOLUTO;TIN;739,99;VILLA BELLA DUBAI EMPREENDIMENTOS IMOBILIARIOS SPE LTDA;;;;;;;;;;;;;;;;;;15/12/2025
"CPF/CNPJ nulo ou vazio;";;33172140;Santa Luzia;MG;07902835489;798,85;BAIXADO;22/12/2023;PROSOLUTO;TIN;739,99;VILLA BELLA DUBAI EMPREENDIMENTOS IMOBILIARIOS SPE LTDA;;;;;;;;;;;;;;;;;;15/12/2025
"CPF/CNPJ nulo ou vazio;";;33172140;Santa Luzia;MG;07902835489;800,67;BAIXADO;23/01/2024;PROSOLUTO;TIN;739,99;VILLA BELLA DUBAI EMPREENDIMENTOS IMOBILIARIOS SPE LTDA;;;;;;;;;;;;;;;;;;15/12/2025
"CPF/CNPJ nulo ou vazio;";;33172140;Santa Luzia;MG;07902835489;910,23;BAIXADO;07/02/2025;PROSOLUTO;TIN;739,99;VILLA BELLA DUBAI EMPREENDIMENTOS IMOBILIARIOS SPE LTDA;;;;;;;;;;;;;;;;;;15/12/2025
"CPF/CNPJ nulo ou vazio;";;33172140;Santa Luzia;MG;07902835489;904,34;BAIXADO;07/02/2025;PROSOLUTO;TIN;739,99;VILLA BELLA DUBAI EMPREENDIMENTOS IMOBILIARIOS SPE LTDA;;;;;;;;;;;;;;;;;;15/12/2025
"CPF/CNPJ nulo ou vazio;";;33172140;Santa Luzia;MG;07902835489;385,89;BAIXADO;27/12/2024;EVOLUCAO DE OBRA;TIN;347,52;VILLA BELLA DUBAI EMPREENDIMENTOS IMOBILIARIOS SPE LTDA;;;;;;;;;;;;;;;;;;15/12/2025
"CPF/CNPJ nulo ou vazio;";;33172140;Santa Luzia;MG;07902835489;813,34;BAIXADO;21/05/2024;PROSOLUTO;TIN;739,99;VILLA BELLA DUBAI EMPREENDIMENTOS IMOBILIARIOS SPE LTDA;;;;;;;;;;;;;;;;;;15/12/2025
"CPF/CNPJ nulo ou vazio;";;33172140;Santa Luzia;MG;07902835489;816,8;BAIXADO;25/06/2024;PROSOLUTO;TIN;739,99;VILLA BELLA DUBAI EMPREENDIMENTOS IMOBILIARIOS SPE LTDA;;;;;;;;;;;;;;;;;;15/12/2025
"CPF/CNPJ nulo ou vazio;";;33172140;Santa Luzia;MG;07902835489;886,69;BAIXADO;07/02/2025;PROSOLUTO;TIN;739,99;VILLA BELLA DUBAI EMPREENDIMENTOS IMOBILIARIOS SPE LTDA;;;;;;;;;;;;;;;;;;15/12/2025
"CPF/CNPJ nulo ou vazio;";;33172140;Santa Luzia;MG;07902835489;815,54;BAIXADO;07/08/2024;PROSOLUTO;TIN;739,99;VILLA BELLA DUBAI EMPREENDIMENTOS IMOBILIARIOS SPE LTDA;;;;;;;;;;;;;;;;;;15/12/2025
"CPF/CNPJ nulo ou vazio;";;33172140;Santa Luzia;MG;07902835489;874,49;BAIXADO;07/02/2025;PROSOLUTO;TIN;739,99;VILLA BELLA DUBAI EMPREENDIMENTOS IMOBILIARIOS SPE LTDA;;;;;;;;;;;;;;;;;;15/12/2025
"CPF/CNPJ nulo ou vazio;";;33172140;Santa Luzia;MG;07902835489;475,04;BAIXADO;27/12/2024;EVOLUCAO DE OBRA;TIN;436,66;VILLA BELLA DUBAI EMPREENDIMENTOS IMOBILIARIOS SPE LTDA;;;;;;;;;;;;;;;;;;15/12/2025
"CPF/CNPJ nulo ou vazio;";;33172140;Santa Luzia;MG;07902835489;779,49;BAIXADO;25/06/2024;PROSOLUTO;TIN;739,99;VILLA BELLA DUBAI EMPREENDIMENTOS IMOBILIARIOS SPE LTDA;;;;;;;;;;;;;;;;;;15/12/2025
"CPF/CNPJ nulo ou vazio;";;33172140;Santa Luzia;MG;07902835489;815,69;BAIXADO;17/09/2024;PROSOLUTO;TIN;739,99;VILLA BELLA DUBAI EMPREENDIMENTOS IMOBILIARIOS SPE LTDA;;;;;;;;;;;;;;;;;;15/12/2025
"CPF/CNPJ nulo ou vazio;";;33172140;Santa Luzia;MG;07902835489;851,15;BAIXADO;07/02/2025;PROSOLUTO;TIN;739,99;VILLA BELLA DUBAI EMPREENDIMENTOS IMOBILIARIOS SPE LTDA;;;;;;;;;;;;;;;;;;15/12/2025
"CPF/CNPJ nulo ou vazio;";;33172140;Santa Luzia;MG;07902835489;475,95;BAIXADO;30/12/2024;EVOLUCAO DE OBRA;TIN;465,63;VILLA BELLA DUBAI EMPREENDIMENTOS IMOBILIARIOS SPE LTDA;;;;;;;;;;;;;;;;;;15/12/2025
"CPF/CNPJ nulo ou vazio;";;33172140;Santa Luzia;MG;07902835489;914,79;BAIXADO;11/08/2025;PROSOLUTO;TIN;739,99;VILLA BELLA DUBAI EMPREENDIMENTOS IMOBILIARIOS SPE LTDA;;;;;;;;;;;;;;;;;;15/12/2025
"CPF/CNPJ nulo ou vazio;";;33172140;Santa Luzia;MG;07902835489;913,04;BAIXADO;11/08/2025;PROSOLUTO;TIN;739,99;VILLA BELLA DUBAI EMPREENDIMENTOS IMOBILIARIOS SPE LTDA;;;;;;;;;;;;;;;;;;15/12/2025
"CPF/CNPJ nulo ou vazio;";;33172140;Santa Luzia;MG;07902835489;532,11;BAIXADO;27/12/2024;EVOLUCAO DE OBRA;TIN;514,68;VILLA BELLA DUBAI EMPREENDIMENTOS IMOBILIARIOS SPE LTDA;;;;;;;;;;;;;;;;;;15/12/2025
"CPF/CNPJ nulo ou vazio;";;33172140;Santa Luzia;MG;07902835489;922,81;BAIXADO;25/09/2025;PROSOLUTO;TIN;739,99;VILLA BELLA DUBAI EMPREENDIMENTOS IMOBILIARIOS SPE LTDA;;;;;;;;;;;;;;;;;;15/12/2025
"CPF/CNPJ nulo ou vazio;";;33172140;Santa Luzia;MG;07902835489;838,37;BAIXADO;28/01/2025;PROSOLUTO;TIN;739,99;VILLA BELLA DUBAI EMPREENDIMENTOS IMOBILIARIOS SPE LTDA;;;;;;;;;;;;;;;;;;15/12/2025
"CPF/CNPJ nulo ou vazio;";;33172140;Santa Luzia;MG;07902835489;816,46;BAIXADO;28/01/2025;PROSOLUTO;TIN;739,99;VILLA BELLA DUBAI EMPREENDIMENTOS IMOBILIARIOS SPE LTDA;;;;;;;;;;;;;;;;;;15/12/2025
"CPF/CNPJ nulo ou vazio;";;33172140;Santa Luzia;MG;07902835489;840,46;BAIXADO;11/03/2025;PROSOLUTO;TIN;739,99;VILLA BELLA DUBAI EMPREENDIMENTOS IMOBILIARIOS SPE LTDA;;;;;;;;;;;;;;;;;;15/12/2025
"CPF/CNPJ nulo ou vazio;";;33172140;Santa Luzia;MG;07902835489;603,13;BAIXADO;25/09/2025;EVOLUCAO DE OBRA;TIN;540,45;VILLA BELLA DUBAI EMPREENDIMENTOS IMOBILIARIOS SPE LTDA;;;;;;;;;;;;;;;;;;15/12/2025
"CPF/CNPJ nulo ou vazio;";;33172140;Santa Luzia;MG;07902835489;870,89;BAIXADO;04/07/2025;PROSOLUTO;TIN;739,99;VILLA BELLA DUBAI EMPREENDIMENTOS IMOBILIARIOS SPE LTDA;;;;;;;;;;;;;;;;;;15/12/2025
"CPF/CNPJ nulo ou vazio;";;33172140;Santa Luzia;MG;07902835489;858,61;BAIXADO;09/06/2025;PROSOLUTO;TIN;739,99;VILLA BELLA DUBAI EMPREENDIMENTOS IMOBILIARIOS SPE LTDA;;;;;;;;;;;;;;;;;;15/12/2025
"CPF/CNPJ nulo ou vazio;";;33172140;Santa Luzia;MG;07902835489;853,81;BAIXADO;09/06/2025;PROSOLUTO;TIN;739,99;VILLA BELLA DUBAI EMPREENDIMENTOS IMOBILIARIOS SPE LTDA;;;;;;;;;;;;;;;;;;15/12/2025
"CPF/CNPJ nulo ou vazio;";;33172140;Santa Luzia;MG;07902835489;857,15;BAIXADO;04/07/2025;PROSOLUTO;TIN;739,99;VILLA BELLA DUBAI EMPREENDIMENTOS IMOBILIARIOS SPE LTDA;;;;;;;;;;;;;;;;;;15/12/2025
"CPF/CNPJ nulo ou vazio;";;33172140;Santa Luzia;MG;07902835489;0;EM ABERTO;;PROSOLUTO;TIN;739,99;VILLA BELLA DUBAI EMPREENDIMENTOS IMOBILIARIOS SPE LTDA;;;;;;;;;;;;;;;;;;15/12/2025
"CPF/CNPJ nulo ou vazio;";;33172140;Santa Luzia;MG;07902835489;0;EM ABERTO;;PROSOLUTO;TIN;739,99;VILLA BELLA DUBAI EMPREENDIMENTOS IMOBILIARIOS SPE LTDA;;;;;;;;;;;;;;;;;;15/12/2025
"CPF/CNPJ nulo ou vazio;";;33172140;Santa Luzia;MG;07902835489;877,19;BAIXADO;08/10/2025;PROSOLUTO;TIN;739,99;VILLA BELLA DUBAI EMPREENDIMENTOS IMOBILIARIOS SPE LTDA;;;;;;;;;;;;;;;;;;15/12/2025
"CPF/CNPJ nulo ou vazio;";;33172140;Santa Luzia;MG;07902835489;882,95;BAIXADO;11/11/2025;PROSOLUTO;TIN;739,99;VILLA BELLA DUBAI EMPREENDIMENTOS IMOBILIARIOS SPE LTDA;;;;;;;;;;;;;;;;;;15/12/2025
"CPF/CNPJ nulo ou vazio;";;33172140;Santa Luzia;MG;07902835489;882,71;BAIXADO;08/12/2025;PROSOLUTO;TIN;739,99;VILLA BELLA DUBAI EMPREENDIMENTOS IMOBILIARIOS SPE LTDA;;;;;;;;;;;;;;;;;;15/12/2025
"CPF/CNPJ nulo ou vazio;";;33172140;Santa Luzia;MG;07902835489;0;EM ABERTO;;PROSOLUTO;TIN;739,99;VILLA BELLA DUBAI EMPREENDIMENTOS IMOBILIARIOS SPE LTDA;;;;;;;;;;;;;;;;;;15/12/2025
"CPF/CNPJ nulo ou vazio;";;33172140;Santa Luzia;MG;07902835489;0;EM ABERTO;;PROSOLUTO;TIN;739,99;VILLA BELLA DUBAI EMPREENDIMENTOS IMOBILIARIOS SPE LTDA;;;;;;;;;;;;;;;;;;15/12/2025
"CPF/CNPJ nulo ou vazio;";;33172140;Santa Luzia;MG;07902835489;0;EM ABERTO;;PROSOLUTO;TIN;739,99;VILLA BELLA DUBAI EMPREENDIMENTOS IMOBILIARIOS SPE LTDA;;;;;;;;;;;;;;;;;;15/12/2025
"CPF/CNPJ nulo ou vazio;";;33172140;Santa Luzia;MG;07902835489;0;EM ABERTO;;PROSOLUTO;TIN;739,99;VILLA BELLA DUBAI EMPREENDIMENTOS IMOBILIARIOS SPE LTDA;;;;;;;;;;;;;;;;;;15/12/2025
"CPF/CNPJ nulo ou vazio;";;33172140;Santa Luzia;MG;07902835489;0;EM ABERTO;;PROSOLUTO;TIN;739,99;VILLA BELLA DUBAI EMPREENDIMENTOS IMOBILIARIOS SPE LTDA;;;;;;;;;;;;;;;;;;15/12/2025
"CPF/CNPJ nulo ou vazio;";;33172140;Santa Luzia;MG;07902835489;0;EM ABERTO;;PROSOLUTO;TIN;739,99;VILLA BELLA DUBAI EMPREENDIMENTOS IMOBILIARIOS SPE LTDA;;;;;;;;;;;;;;;;;;15/12/2025
"CPF/CNPJ nulo ou vazio;";;33172140;Santa Luzia;MG;07902835489;0;EM ABERTO;;PROSOLUTO;TIN;739,99;VILLA BELLA DUBAI EMPREENDIMENTOS IMOBILIARIOS SPE LTDA;;;;;;;;;;;;;;;;;;15/12/2025
"CPF/CNPJ nulo ou vazio;";;33172140;Santa Luzia;MG;07902835489;0;EM ABERTO;;PROSOLUTO;TIN;739,99;VILLA BELLA DUBAI EMPREENDIMENTOS IMOBILIARIOS SPE LTDA;;;;;;;;;;;;;;;;;;15/12/2025
"CPF/CNPJ nulo ou vazio;";;33172140;Santa Luzia;MG;07902835489;0;EM ABERTO;;PROSOLUTO;TIN;739,99;VILLA BELLA DUBAI EMPREENDIMENTOS IMOBILIARIOS SPE LTDA;;;;;;;;;;;;;;;;;;15/12/2025
"CPF/CNPJ nulo ou vazio;";;33172140;Santa Luzia;MG;07902835489;0;EM ABERTO;;PROSOLUTO;TIN;739,99;VILLA BELLA DUBAI EMPREENDIMENTOS IMOBILIARIOS SPE LTDA;;;;;;;;;;;;;;;;;;15/12/2025
"CPF/CNPJ nulo ou vazio;";;33172140;Santa Luzia;MG;07902835489;0;EM ABERTO;;PROSOLUTO;TIN;739,99;VILLA BELLA DUBAI EMPREENDIMENTOS IMOBILIARIOS SPE LTDA;;;;;;;;;;;;;;;;;;15/12/2025
"CPF/CNPJ nulo ou vazio;";;33172140;Santa Luzia;MG;07902835489;0;EM ABERTO;;PROSOLUTO;TIN;739,99;VILLA BELLA DUBAI EMPREENDIMENTOS IMOBILIARIOS SPE LTDA;;;;;;;;;;;;;;;;;;15/12/2025
"CPF/CNPJ nulo ou vazio;";;33172140;Santa Luzia;MG;07902835489;0;EM ABERTO;;PROSOLUTO;TIN;739,99;VILLA BELLA DUBAI EMPREENDIMENTOS IMOBILIARIOS SPE LTDA;;;;;;;;;;;;;;;;;;15/12/2025
"CPF/CNPJ nulo ou vazio;";;33172140;Santa Luzia;MG;07902835489;0;EM ABERTO;;PROSOLUTO;TIN;739,99;VILLA BELLA DUBAI EMPREENDIMENTOS IMOBILIARIOS SPE LTDA;;;;;;;;;;;;;;;;;;15/12/2025
"CPF/CNPJ nulo ou vazio;";;33172140;Santa Luzia;MG;07902835489;0;EM ABERTO;;PROSOLUTO;TIN;739,99;VILLA BELLA DUBAI EMPREENDIMENTOS IMOBILIARIOS SPE LTDA;;;;;;;;;;;;;;;;;;15/12/2025
"CPF/CNPJ nulo ou vazio;";;33172140;Santa Luzia;MG;07902835489;0;EM ABERTO;;PROSOLUTO;TIN;739,99;VILLA BELLA DUBAI EMPREENDIMENTOS IMOBILIARIOS SPE LTDA;;;;;;;;;;;;;;;;;;15/12/2025
"CPF/CNPJ nulo ou vazio;";;33172140;Santa Luzia;MG;07902835489;0;EM ABERTO;;PROSOLUTO;TIN;739,99;VILLA BELLA DUBAI EMPREENDIMENTOS IMOBILIARIOS SPE LTDA;;;;;;;;;;;;;;;;;;15/12/2025
"CPF/CNPJ nulo ou vazio;";;33172140;Santa Luzia;MG;07902835489;0;EM ABERTO;;PROSOLUTO;TIN;739,99;VILLA BELLA DUBAI EMPREENDIMENTOS IMOBILIARIOS SPE LTDA;;;;;;;;;;;;;;;;;;15/12/2025
"CPF/CNPJ nulo ou vazio;";;33172140;Santa Luzia;MG;07902835489;0;EM ABERTO;;PROSOLUTO;TIN;739,99;VILLA BELLA DUBAI EMPREENDIMENTOS IMOBILIARIOS SPE LTDA;;;;;;;;;;;;;;;;;;15/12/2025
"CPF/CNPJ nulo ou vazio;";;33172140;Santa Luzia;MG;07902835489;0;EM ABERTO;;PROSOLUTO;TIN;739,99;VILLA BELLA DUBAI EMPREENDIMENTOS IMOBILIARIOS SPE LTDA;;;;;;;;;;;;;;;;;;15/12/2025
"CPF/CNPJ nulo ou vazio;";;33172140;Santa Luzia;MG;07902835489;0;EM ABERTO;;PROSOLUTO;TIN;739,99;VILLA BELLA DUBAI EMPREENDIMENTOS IMOBILIARIOS SPE LTDA;;;;;;;;;;;;;;;;;;15/12/2025
"CPF/CNPJ nulo ou vazio;";;33172140;Santa Luzia;MG;07902835489;0;EM ABERTO;;PROSOLUTO;TIN;739,99;VILLA BELLA DUBAI EMPREENDIMENTOS IMOBILIARIOS SPE LTDA;;;;;;;;;;;;;;;;;;15/12/2025
"CPF/CNPJ nulo ou vazio;";;33172140;Santa Luzia;MG;07902835489;0;EM ABERTO;;PROSOLUTO;TIN;739,99;VILLA BELLA DUBAI EMPREENDIMENTOS IMOBILIARIOS SPE LTDA;;;;;;;;;;;;;;;;;;15/12/2025
"CPF/CNPJ nulo ou vazio;";;33172140;Santa Luzia;MG;07902835489;0;EM ABERTO;;PROSOLUTO;TIN;739,99;VILLA BELLA DUBAI EMPREENDIMENTOS IMOBILIARIOS SPE LTDA;;;;;;;;;;;;;;;;;;15/12/2025
"CPF/CNPJ nulo ou vazio;";;33172140;Santa Luzia;MG;07902835489;0;EM ABERTO;;PROSOLUTO;TIN;739,99;VILLA BELLA DUBAI EMPREENDIMENTOS IMOBILIARIOS SPE LTDA;;;;;;;;;;;;;;;;;;15/12/2025
"CPF/CNPJ nulo ou vazio;";;33172140;Santa Luzia;MG;07902835489;0;EM ABERTO;;PROSOLUTO;TIN;739,99;VILLA BELLA DUBAI EMPREENDIMENTOS IMOBILIARIOS SPE LTDA;;;;;;;;;;;;;;;;;;15/12/2025
"CPF/CNPJ nulo ou vazio;";;33172140;Santa Luzia;MG;07902835489;0;EM ABERTO;;PROSOLUTO;TIN;739,99;VILLA BELLA DUBAI EMPREENDIMENTOS IMOBILIARIOS SPE LTDA;;;;;;;;;;;;;;;;;;15/12/2025
"CPF/CNPJ nulo ou vazio;";;33172140;Santa Luzia;MG;07902835489;0;EM ABERTO;;PROSOLUTO;TIN;739,99;VILLA BELLA DUBAI EMPREENDIMENTOS IMOBILIARIOS SPE LTDA;;;;;;;;;;;;;;;;;;15/12/2025
"CPF/CNPJ nulo ou vazio;";;33172140;Santa Luzia;MG;07902835489;0;EM ABERTO;;PROSOLUTO;TIN;739,99;VILLA BELLA DUBAI EMPREENDIMENTOS IMOBILIARIOS SPE LTDA;;;;;;;;;;;;;;;;;;15/12/2025
"CPF/CNPJ nulo ou vazio;";;33172140;Santa Luzia;MG;07902835489;0;EM ABERTO;;PROSOLUTO;TIN;739,99;VILLA BELLA DUBAI EMPREENDIMENTOS IMOBILIARIOS SPE LTDA;;;;;;;;;;;;;;;;;;15/12/2025
"CPF/CNPJ nulo ou vazio;";;33172140;Santa Luzia;MG;07902835489;0;EM ABERTO;;PROSOLUTO;TIN;739,99;VILLA BELLA DUBAI EMPREENDIMENTOS IMOBILIARIOS SPE LTDA;;;;;;;;;;;;;;;;;;15/12/2025
"CPF/CNPJ nulo ou vazio;";;33172140;Santa Luzia;MG;07902835489;0;EM ABERTO;;PROSOLUTO;TIN;740,1;VILLA BELLA DUBAI EMPREENDIMENTOS IMOBILIARIOS SPE LTDA;;;;;;;;;;;;;;;;;;15/12/2025
"CPF/CNPJ nulo ou vazio;";;PERMUTA MINERAÇÃO SAO GERALDO;C20013-0201;06/04/2016;PLANO;EXTRAJUCICIAL OU JUDICIAL;OBSERVACAO;20937;31/08/2016;0;OBSERVACAO PARCELA;;;;;;;;;;;;126295,88;BAIXADO;01/02/2017;PROSOLUTO;LANCADOS;125000;VB LAGOA EMPREENDIMENTOS IMOBILIÁRIOS SPE LTDA;15/12/2025
"CPF/CNPJ nulo ou vazio;";;PERMUTA MINERAÇÃO SAO GERALDO;C20014-0202;06/04/2016;PLANO;EXTRAJUCICIAL OU JUDICIAL;OBSERVACAO;20936;31/08/2016;0;OBSERVACAO PARCELA;;;;;;;;;;;;126295,89;BAIXADO;01/02/2017;PROSOLUTO;LANCADOS;125000;VB LAGOA EMPREENDIMENTOS IMOBILIÁRIOS SPE LTDA;15/12/2025
