CPFCNPJ CLIENTE;NOME / RAZAO SOCIAL;VALOR;ID NEGOCIADOR;CNPJ CREDOR;PARCELA;VENCIMENTO;OBSERVACAO CONTRATO;NUMERO CONTRATO
782.647.906-15;RAMON FERNANDES FIGUEIREDO;467,72;;16.746.133/0001-41;43668536;01/12/2025;MGT DISTRIBUIDORA DE PNEUS LTDA;43668536
782.647.906-15;RAMON FERNANDES FIGUEIREDO;542,45;;16.746.133/0001-41;43676295;01/12/2025;MGT DISTRIBUIDORA DE PNEUS LTDA;43676295
782.647.906-15;RAMON FERNANDES FIGUEIREDO;235,60;;16.746.133/0001-41;43681408;01/12/2025;MGT DISTRIBUIDORA DE PNEUS LTDA;43681408
782.647.906-15;RAMON FERNANDES FIGUEIREDO;467,72;;16.746.133/0001-41;43682913;01/12/2025;MGT DISTRIBUIDORA DE PNEUS LTDA;43682913
782.647.906-15;RAMON FERNANDES FIGUEIREDO;542,45;;16.746.133/0001-41;43687198;01/12/2025;MGT DISTRIBUIDORA DE PNEUS LTDA;43687198
125.134.406-25;JOSE TADEU DE AVELAR ELIAS;301,09;;16.746.133/0001-41;43907666;26/11/2025;PREFEITURA MUNICIPAL DE CONTAGEM MG;43907666
00.360.305/0001-04;CAIXA ECONOMICA FEDERAL;295,95;;16.746.133/0001-41;43984303;25/11/2025;PREFEITURA DE BELO HORIZONTE;43984303
745.135.596-91;JOSE GERALDO DE OLIVEIRA SANTOS;648,23;;16.746.133/0001-41;44007954;01/12/2025;PREFEITURA DE BELO HORIZONTE;44007954
034.873.896-06;TARCIANE GONCALVES LIMA;235,60;;16.746.133/0001-41;44026371;01/12/2025;CORENMG CONSELHO REGIONAL DE ENFERMAGEM DE;44026371
03.424.858/0001-71;R R ENGENHARIA LTDA;3834,39;;16.746.133/0001-41;44035275;26/11/2025;CF GESTAO EMPRESARIAL LTDA;44035275
