CPFCNPJ CLIENTE;NOME / RAZAO SOCIAL;VALOR;ID NEGOCIADOR;CNPJ CREDOR;PARCELA;VENCIMENTO;OBSERVACAO CONTRATO;NUMERO CONTRATO
70.998.356/0001-41;VR TRANSPORTES LTDA;364,62;;16.746.133/0001-41;43025457;06/02/2017;TOMAZ CONTABILIDADE LTDA -ME-;43025457
65.158.248/0001-20;CONDOMINIO EDIFICIO RENOIR;582,76;;16.746.133/0001-41;43157045;03/09/2019;TALVEGUE PARAFUSOS COM IND LTDA;43157045
65.158.248/0001-20;CONDOMINIO EDIFICIO RENOIR 890;582,76;;16.746.133/0001-41;43160243;03/09/2019;TALVEGUE PARAFUSOS COM IND LTDA;43160243
62.955.505/0841-66;IGREJA DO EVANGELHO QUADRANGULAR;283,37;;16.746.133/0001-41;43185304;10/12/2019;RBM INFORMATICA LTDA ME;43185304
76.621.853/0001-02;INVESTPREV SEGUROS E PREVIDENCIA S/A;201,16;;16.746.133/0001-41;43298435;09/05/2018;CENTRO DE GESTAO DA TECNOLOGIA DA INFORMACAO;43298435
30.636.778/0001-52;GABRIEL HENRIQUE FERREIRA ORLA;235,60;;16.746.133/0001-41;43417752;20/02/2019;COMANDO MINAS BATERIAS LTDA;43417752
29.898.627/0001-93;FLAVIO SENNA MARTINS;219,52;;16.746.133/0001-41;43443370;30/07/2019;G G ATACADISTA DE CALCADOS LTDA;43443370
28.277.141/0001-75;AREIAO DEPOSITO.COM LTDA;202,86;;16.746.133/0001-41;43444411;21/08/2019;BAYTEK;43444411
28.495.916/0001-89;SOUZA & SILVA MADEIRAS E MATERIAIS DE CONSTRUCAO;235,60;;16.746.133/0001-41;43444426;26/04/2019;BAYTEK QUIMICA IND E COM LTDA;43444426
66.253.626/0001-18;A G L DISTRIBUIDORA LTDA;235,60;;16.746.133/0001-41;43449715;24/05/2019;BEZAVEL PLASTIC INDUSTRIA E COMERCIO;43449715
31.132.733/0001-03;DROGARIA VIVA -EIRELI-;282,65;;16.746.133/0001-41;43449794;14/10/2019;CIMED INDUSTRIA DE MEDICAMENTOS LTDA;43449794
28.909.906/0001-42;IRIS COMUNICACAO VISUAL LTDA -ME-;219,52;;16.746.133/0001-41;43450992;09/01/2020;DAY BRASIL S.A.;43450992
28.909.906/0001-42;IRIS COMUNICACAO VISUAL LTDA;219,52;;16.746.133/0001-41;43464096;09/01/2020;DAY BRASIL S/A;43464096
30.344.965/0001-62;EMMANUEL FREITAS MEIRELLES;187,86;;16.746.133/0001-41;43465394;26/06/2019;COMERCIAL PORTO SEGURO LTDA;43465394
29.584.634/0001-10;PADARIA DI CARVALHO & SOUZA LTDA;202,86;;16.746.133/0001-41;43473827;01/04/2020;EMBRAPAN EMPRESA BRASILEIRA DE PANIFICACAO;43473827
28.933.329/0001-24;ROMILDO GERMANO LIMA DE JESUS;232,82;;16.746.133/0001-41;43474922;16/09/2019;BAYTEK QUIMICA IND E COM LTDA;43474922
28.933.329/0001-24;ROMILDO GERMANO LIMA DE JESUS;232,82;;16.746.133/0001-41;43478349;14/07/2020;COMERCIAL BH LIDER LTDA;43478349
28.933.329/0001-24;ROMILDO GERMANO LIMA DE JESUS;248,90;;16.746.133/0001-41;43478395;14/07/2020;COMERCIAL BH LIDER LTDA - ME;43478395
28.933.329/0001-24;ROMILDO GERMANO LIMA DE JESUS;219,52;;16.746.133/0001-41;43492332;17/07/2020;CASA DA BOTINA INDUSTRIA E COMERCIO LTDA;43492332
29.767.698/0001-57;DEIVID DA SILVA LOURENCO;219,52;;16.746.133/0001-41;43499658;14/08/2019;EMBRAPAN - EMPRESA BRASILEIRA DE PANIFIC;43499658
65.181.380/0001-53;CRED MHS LTDA;346,96;;16.746.133/0001-41;43505945;20/11/2020;ANALYTICS ASSESSORIA E CONSULTORIA EM HI;43505945
65.181.380/0001-53;CRED MHS LTDA;582,76;;16.746.133/0001-41;43505946;20/11/2020;ANALYTICS ASSESSORIA E CONSULTORIA EM HI;43505946
28.903.806/0001-09;MPT RESTAURANTE LTDA -EPP-;282,65;;16.746.133/0001-41;43514747;13/09/2019;VEREDAS INDUSTRIA E COMERCIO LTDA;43514747
28.276.217/0001-48;PETRIO ENGENHARIA -EIRELI ME-;282,65;;16.746.133/0001-41;43514762;27/08/2020;ITAU DISTRIBUIDORA MATERIAIS DE CONSTRUCAO;43514762
41.879.958/0001-81;CASA DE CARNES SANTO ANDRE LTDA;187,86;;16.746.133/0001-41;43518505;26/12/2019;DISTRIBUIDORA SOUZA PINTO LTDA;43518505
68.493.246/0001-86;PATIDANI INDUSTRIA E COMERCIO;232,82;;16.746.133/0001-41;43529838;13/12/2019;EPOCA COMERCIO E DISTRIBUIDORA PRODUTOS ALIMENTICI;43529838
32.326.003/0001-06;DHARMA ESTETICA -EIRELI-;323,13;;16.746.133/0001-41;43530597;29/04/2020;NOVO ESPACO DECORACAO DE INTERIORES;43530597
33.671.403/0001-11;ERICK ANTONIO BRITTO MELO;396,37;;16.746.133/0001-41;43536121;02/12/2019;EPOCA COMERCIO E DISTRIBUIDORA PRODUTOS ALIMENTICI;43536121
33.357.977/0001-10;JARDEL ATILA SIIAO PINTO;279,87;;16.746.133/0001-41;43538722;25/06/2020;DISTRIBUIDORA SOUZA PINTO LTDA;43538722
70.952.510/0001-44;LECONNI MARCAS E PATENTES;232,82;;16.746.133/0001-41;43546543;13/04/2020;REGUS DO BRASIL LTDA;43546543
30.830.877/0001-70;MARINALVA VIEIRA DE OLIVEIRA;219,52;;16.746.133/0001-41;43546749;15/01/2020;EPOCA COMERCIO E DISTRIBUICAO ALIMENTICIA;43546749
32.140.168/0001-99;EDSON ADRIANO ROSSETTI ANDRADE;235,60;;16.746.133/0001-41;43547066;04/03/2020;DECOTE OUSADO COM E IND DE ROUPAS LTDA;43547066
31.170.121/0001-05;HELENA SURERUS MATTOS;323,13;;16.746.133/0001-41;43548240;20/10/2020;B H COLCHOES E ESPUMAS LTDA;43548240
29.862.085/0001-07;DUARTE FIGUEIREDO ENVASAMENTOS;336,43;;16.746.133/0001-41;43550821;09/11/2020;CD EMBALAGENS LTDA;43550821
30.152.282/0001-03;ICON CONSTRUCOES -EIRELI-;232,82;;16.746.133/0001-41;43552747;21/07/2020;CASA DO TOME LTDA -ME-;43552747
29.266.322/0001-69;SMARTCON ENGENHARIA.E CONSULTORIA. LTDA;235,60;;16.746.133/0001-41;43553424;20/02/2020;BAYTEK QUIMICA INDUSTRIA E COMERCIO LTDA;43553424
33.278.915/0001-12;SUPER STILO SALGADOS LTDA;488,38;;16.746.133/0001-41;43553447;24/06/2020;COMERCIO E REPRESENTACOES CECOTI LTDA;43553447
28.350.073/0001-22;LETICIA ARIANE VIEIRA CARDOSO;295,95;;16.746.133/0001-41;43553463;28/07/2020;SUELEN MAKEUP;43553463
35.905.657/0001-82;VIRGINIA MARIA FERREIRA PATRIC;314,39;;16.746.133/0001-41;43554366;16/07/2020;TSV TRANSPORTES RAPIDOS LTDA;43554366
29.862.085/0001-07;DUARTE FIGUEIREDO ENVASAMENTOS;336,43;;16.746.133/0001-41;43556608;09/11/2020;CD EMBALAGENS LTDA;43556608
33.499.098/0001-22;JOYCE LACERDA DE OLIVEIRA;282,65;;16.746.133/0001-41;43556719;21/05/2020;COMERCIO E REPRESENTACOES CECOTI LTDA;43556719
31.931.530/0001-87;J L RATTES VILARINO ARTIGOS OPTICOS;187,86;;16.746.133/0001-41;43556901;28/09/2020;PSA NILO LABORATORIO OPTICO LTDA;43556901
34.712.160/0001-85;CHAPA SETE DELIVERY LTDA;187,86;;16.746.133/0001-41;43557095;17/04/2020;COMERCIAL LENE CRUZ LTDA;43557095
29.862.085/0001-07;DUARTE FIGUEIREDO ENVASAMENTOS;336,43;;16.746.133/0001-41;43557653;09/11/2020;CD EMBALAGENS LTDA;43557653
31.931.530/0001-87;J L RATTES VILARINO ARTIGOS OPTICOS LTDA;202,86;;16.746.133/0001-41;43561653;30/09/2020;PSA NILO LABORATORIO OPTICO LTDA;43561653
31.931.530/0001-87;J L RATTES VILARINO ARTIGOS OPTICOS;187,86;;16.746.133/0001-41;43564756;30/09/2020;PSA NILO L OPTICO LTDA;43564756
30.982.348/0001-92;ALVES & MUZZI RESTAURANTE E BAR LTDA;336,43;;16.746.133/0001-41;43569288;27/07/2020;COM E REPRESENT CECOTI LTDA;43569288
35.167.596/0001-01;DROGARIA E PERFUMARIA ASSIS EIRELI;187,86;;16.746.133/0001-41;43571953;24/07/2020;ORGAFARMA - ORGANIZACAO FARMACEUTICA LTD;43571953
31.584.551/0001-73;CENTRO AUTOMOTIVO JD EIRELLI;488,38;;16.746.133/0001-41;43572506;10/09/2020;MEDEIROS SANTANA R LTDA;43572506
29.862.085/0001-07;DUARTE FIGUEIREDO ENVASAMENTOS;336,43;;16.746.133/0001-41;43572732;09/11/2020;CD EMBALAGENS LTDA;43572732
34.521.060/0001-71;MATEUS JORDAO NASCIMENTO;279,87;;16.746.133/0001-41;43572742;03/08/2020;MARCO AURELIO TAVARES BOTTA EIRELI - ME;43572742
32.527.166/0001-57;DAVIDSON ALMEIDA CIPRIANO;219,52;;16.746.133/0001-41;43574695;28/07/2020;INSETIMAX INDUSTRIA QUIMICA EIRELI;43574695
34.712.160/0001-85;CHAPA SETE DELIVERY LTDA;201,16;;16.746.133/0001-41;43574771;19/10/2020;PEL PLAST INDUSTRIA E COMERCIO LTDA;43574771
31.108.571/0001-78;URUGUAI DISTRIBUIDORA DE GAS EIRELI;384,08;;16.746.133/0001-41;43580909;19/10/2020;APAIL DIESEL AUTOPECAS LTDA;43580909
36.478.318/0001-20;GIOVANNI PAULO DE JESUS;282,65;;16.746.133/0001-41;43583698;14/12/2020;R C CARNES LTDA - ME;43583698
36.478.318/0001-20;GIOVANNI PAULO DE JESUS;251,09;;16.746.133/0001-41;43583699;14/12/2020;R C CARNES LTDA - ME;43583699
66.298.571/0001-62;MILLENIUM LTDA;529,15;;16.746.133/0001-41;4950199;04/06/2020;MARIANO LUBRIFICANTES LTDA;4950199
70.998.356/0001-41;VR TRANSPORTES LTDA;340,79;;16.746.133/0001-41;4978479;01/06/2016;TOMAZ CONTABILIDADE LTDA - ME;4978479
