﻿CPF_CNPJ;ORIGEM
00523185677;AUTOJUR
00620574720;AUTOJUR
00643966650;AUTOJUR
00667504745;AUTOJUR
01230959645;AUTOJUR
01494499681;AUTOJUR
01548349631;AUTOJUR
01563768739;AUTOJUR
01822850657;AUTOJUR
01858592674;AUTOJUR
01960537652;AUTOJUR
02291597612;AUTOJUR
02597957632;AUTOJUR
03936741697;AUTOJUR
03970899613;AUTOJUR
03981485386;AUTOJUR
04181345610;AUTOJUR
04187593675;AUTOJUR
04329209608;AUTOJUR
04776092441;AUTOJUR
05216453601;AUTOJUR
05295722732;AUTOJUR
05721472600;AUTOJUR
05721672617;AUTOJUR
05723693794;AUTOJUR
05959752590;AUTOJUR
06139683793;AUTOJUR
06705110643;AUTOJUR
07233929602;AUTOJUR
07250035614;AUTOJUR
07291770688;AUTOJUR
07375563667;AUTOJUR
07559430660;AUTOJUR
07581429601;AUTOJUR
07870714631;AUTOJUR
07900444637;AUTOJUR
07918824628;AUTOJUR
07956624754;AUTOJUR
08237033710;AUTOJUR
08609651711;AUTOJUR
08900342657;AUTOJUR
08986659654;AUTOJUR
09019028707;AUTOJUR
09042061650;AUTOJUR
09046899640;AUTOJUR
09225442637;AUTOJUR
09280087622;AUTOJUR
09303136667;AUTOJUR
09344630690;AUTOJUR
09495911737;AUTOJUR
09514102703;AUTOJUR
09529270631;AUTOJUR
09978903631;AUTOJUR
10280268629;AUTOJUR
10450217760;AUTOJUR
10633673609;AUTOJUR
11131534409;AUTOJUR
11217119795;AUTOJUR
11249272637;AUTOJUR
12182629661;AUTOJUR
12353204643;AUTOJUR
12485044708;AUTOJUR
12634222688;AUTOJUR
12902565780;AUTOJUR
12991998601;AUTOJUR
13076555723;AUTOJUR
13303194602;AUTOJUR
13522824709;AUTOJUR
13531827626;AUTOJUR
13609799722;AUTOJUR
13637305682;AUTOJUR
13769318692;AUTOJUR
13841590705;AUTOJUR
14635649610;AUTOJUR
14689192707;AUTOJUR
15085625714;AUTOJUR
15181962769;AUTOJUR
15423284627;AUTOJUR
15472548667;AUTOJUR
15565218632;AUTOJUR
15586266709;AUTOJUR
15625849790;AUTOJUR
15971477706;AUTOJUR
16699987704;AUTOJUR
17150814719;AUTOJUR
17389756730;AUTOJUR
17621920718;AUTOJUR
17840131700;AUTOJUR
17899555809;AUTOJUR
19612065870;AUTOJUR
19616581864;AUTOJUR
22104618800;AUTOJUR
22545420875;AUTOJUR
22607590841;AUTOJUR
24929305802;AUTOJUR
25812812861;AUTOJUR
27210462848;AUTOJUR
28407524840;AUTOJUR
28810780876;AUTOJUR
29266271810;AUTOJUR
29848290850;AUTOJUR
30381135810;AUTOJUR
31788293851;AUTOJUR
32352793858;AUTOJUR
32453001825;AUTOJUR
32705829865;AUTOJUR
33468136811;AUTOJUR
33860740814;AUTOJUR
33958027873;AUTOJUR
34013295881;AUTOJUR
34211800833;AUTOJUR
34312497877;AUTOJUR
34364635820;AUTOJUR
34665316830;AUTOJUR
34898173896;AUTOJUR
35167153832;AUTOJUR
35269114879;AUTOJUR
36261390851;AUTOJUR
36531591803;AUTOJUR
36737026885;AUTOJUR
36780506893;AUTOJUR
36870257809;AUTOJUR
36912009824;AUTOJUR
37677832822;AUTOJUR
37813809807;AUTOJUR
37874662822;AUTOJUR
37980944895;AUTOJUR
38176758876;AUTOJUR
38251672830;AUTOJUR
38327080814;AUTOJUR
38391480810;AUTOJUR
38593445870;AUTOJUR
38729002850;AUTOJUR
38759904801;AUTOJUR
38830271896;AUTOJUR
38853823852;AUTOJUR
39009375838;AUTOJUR
39105878870;AUTOJUR
39178809894;AUTOJUR
39320174806;AUTOJUR
39686780874;AUTOJUR
40221942866;AUTOJUR
40306391864;AUTOJUR
40371238862;AUTOJUR
40430336802;AUTOJUR
40786378840;AUTOJUR
41094959898;AUTOJUR
41451005814;AUTOJUR
41498438806;AUTOJUR
41770844848;AUTOJUR
41786155800;AUTOJUR
42040348883;AUTOJUR
42101334852;AUTOJUR
42609759860;AUTOJUR
42712654897;AUTOJUR
42833972881;AUTOJUR
44346734839;AUTOJUR
45644765806;AUTOJUR
45684811809;AUTOJUR
47001516848;AUTOJUR
47273198889;AUTOJUR
48725626825;AUTOJUR
48845853802;AUTOJUR
69661502668;AUTOJUR
70012462632;AUTOJUR
70177395664;AUTOJUR
91655110772;AUTOJUR
96913711549;AUTOJUR
98130838320;AUTOJUR
12970172690;MAX_SMART
41492265802;MAX_SMART
11593974655;MAX_SMART
90006291600;MAX_SMART
00439443709;MAX_SMART
07955072677;MAX_SMART
11022783602;MAX_SMART
31376086867;MAX_SMART
85793547576;MAX_SMART
00153626631;MAX_SMART
10607237600;MAX_SMART
11288682611;MAX_SMART
12870562616;MAX_SMART
10657571660;MAX_SMART
89484363253;MAX_SMART
12997407664;MAX_SMART
08812495648;MAX_SMART
87204606604;MAX_SMART
97449040620;MAX_SMART
49117218802;MAX_SMART
11445765470;MAX_SMART
10171485629;MAX_SMART
12512661695;MAX_SMART
72441941615;MAX_SMART
14588156683;MAX_SMART
09624596662;MAX_SMART
10465637698;MAX_SMART
06448131647;MAX_SMART
11586853600;MAX_SMART
09429233670;MAX_SMART
11507351631;MAX_SMART
03954656647;MAX_SMART
08008703601;MAX_SMART
12390384617;MAX_SMART
00672772337;MAX_SMART
11765395666;MAX_SMART
10848260627;MAX_SMART
10393793621;MAX_SMART
07426170683;MAX_SMART
04946066659;MAX_SMART
08812544606;MAX_SMART
03778761609;MAX_SMART
06531403632;MAX_SMART
01945699698;MAX_SMART
46619714854;MAX_SMART
11612778623;MAX_SMART
10811220648;MAX_SMART
07054448642;MAX_SMART
11661417647;MAX_SMART
02888618680;MAX_SMART
95289305653;MAX_SMART
11116906694;MAX_SMART
94776296691;MAX_SMART
32463137843;MAX_SMART
05920160640;MAX_SMART
07207410689;MAX_SMART
08261025659;MAX_SMART
07942264696;MAX_SMART
54817528672;MAX_SMART
11200248627;MAX_SMART
97153362649;MAX_SMART
11599187671;MAX_SMART
10798529644;MAX_SMART
06820987609;MAX_SMART
44137282897;MAX_SMART
47448725300;MAX_SMART
35586740818;MAX_SMART
32208941861;MAX_SMART
11934037664;MAX_SMART
06226415657;MAX_SMART
16582040855;MAX_SMART
11464367698;MAX_SMART
07664732603;MAX_SMART
01245656627;MAX_SMART
13444202652;MAX_SMART
12686560622;MAX_SMART
04918294502;MAX_SMART
14222433624;MAX_SMART
39102820838;MAX_SMART
08084753630;MAX_SMART
02011958601;MAX_SMART
09848712682;MAX_SMART
10663382645;MAX_SMART
12204859699;MAX_SMART
08475821677;MAX_SMART
07638178645;MAX_SMART
97080500672;MAX_SMART
11853775657;MAX_SMART
12646266650;MAX_SMART
14695750864;MAX_SMART
09795586629;MAX_SMART
02343025690;MAX_SMART
07492982607;MAX_SMART
11733804692;MAX_SMART
11886849650;MAX_SMART
54152810610;MAX_SMART
87276275604;MAX_SMART
09524839636;MAX_SMART
11930408684;MAX_SMART
10155567608;MAX_SMART
01327277654;MAX_SMART
13350894623;MAX_SMART
41237207819;MAX_SMART
07840514618;MAX_SMART
12618891694;MAX_SMART
02355813647;MAX_SMART
05619772675;MAX_SMART
02082859622;MAX_SMART
03481105614;MAX_SMART
11271199661;MAX_SMART
02302108647;MAX_SMART
10189721618;MAX_SMART
07526221611;MAX_SMART
08900459686;MAX_SMART
06608596618;MAX_SMART
12456935659;MAX_SMART
01689896205;MAX_SMART
44516073889;MAX_SMART
36316800827;MAX_SMART
14066608680;MAX_SMART
12172169609;MAX_SMART
43265949850;MAX_SMART
12855800609;MAX_SMART
11293050660;MAX_SMART
07889667663;MAX_SMART
57031762634;MAX_SMART
08926479650;MAX_SMART
30602290821;MAX_SMART
65756657649;MAX_SMART
22161091859;MAX_SMART
06153256619;MAX_SMART
04397174695;MAX_SMART
10050452673;MAX_SMART
13059105677;MAX_SMART
11685977650;MAX_SMART
03071290632;MAX_SMART
07484829625;MAX_SMART
05999293677;MAX_SMART
00957517777;MAX_SMART
05167866600;MAX_SMART
09485971605;MAX_SMART
07238328623;MAX_SMART
00013158627;MAX_SMART
78453410615;MAX_SMART
01211254674;MAX_SMART
08343987616;MAX_SMART
37596395856;MAX_SMART
14352677612;MAX_SMART
03843224684;MAX_SMART
35354224500;MAX_SMART
11102510688;MAX_SMART
75691310615;MAX_SMART
08622596656;MAX_SMART
04267172609;MAX_SMART
00748489681;MAX_SMART
08380509641;MAX_SMART
06283731635;MAX_SMART
10566432692;MAX_SMART
43530162884;MAX_SMART
13617339697;MAX_SMART
50743180682;MAX_SMART
09131775632;MAX_SMART
11933661607;MAX_SMART
30458969877;MAX_SMART
11074466608;MAX_SMART
11994247657;MAX_SMART
05217187670;MAX_SMART
13609052783;MAX_SMART
21464307881;MAX_SMART
09363525660;MAX_SMART
09130832675;MAX_SMART
66193656634;MAX_SMART
12391995628;MAX_SMART
06694289650;MAX_SMART
01565979699;MAX_SMART
36652676842;MAX_SMART
12793614688;MAX_SMART
10559607679;MAX_SMART
01973870630;MAX_SMART
11454027630;MAX_SMART
10389099619;MAX_SMART
12027824693;MAX_SMART
11530468655;MAX_SMART
00071540628;MAX_SMART
04967213642;MAX_SMART
04270664681;MAX_SMART
01920201610;MAX_SMART
09182085641;MAX_SMART
06984071640;MAX_SMART
49577795897;MAX_SMART
12674636602;MAX_SMART
06657246676;MAX_SMART
11307950639;MAX_SMART
12672728640;MAX_SMART
10720737656;MAX_SMART
00061632627;MAX_SMART
08267771638;MAX_SMART
39017722860;MAX_SMART
05920356626;MAX_SMART
06883418610;MAX_SMART
08140925608;MAX_SMART
99282771415;MAX_SMART
04488885640;MAX_SMART
06400866671;MAX_SMART
08569352638;MAX_SMART
13718122685;MAX_SMART
09660335660;MAX_SMART
44043902549;MAX_SMART
06082489675;MAX_SMART
00308957660;MAX_SMART
09979978694;MAX_SMART
11769958630;MAX_SMART
03549632100;MAX_SMART
46337255801;MAX_SMART
04433524611;MAX_SMART
12922461629;MAX_SMART
13014127671;MAX_SMART
45425090870;MAX_SMART
06423831629;MAX_SMART
05942695636;MAX_SMART
09562162699;MAX_SMART
08918640676;MAX_SMART
10811795624;MAX_SMART
01360549609;MAX_SMART
02903052689;MAX_SMART
27632381813;MAX_SMART
11669660621;MAX_SMART
10906994683;MAX_SMART
12249650608;MAX_SMART
09735944626;MAX_SMART
11076255647;MAX_SMART
06659318674;MAX_SMART
13413876660;MAX_SMART
11106156633;MAX_SMART
09683553664;MAX_SMART
12335745662;MAX_SMART
09122977600;MAX_SMART
11513710680;MAX_SMART
04351580666;MAX_SMART
03494743622;MAX_SMART
10830365648;MAX_SMART
70050737627;MAX_SMART
35410070879;MAX_SMART
10498449637;MAX_SMART
36561146840;MAX_SMART
12151868605;MAX_SMART
12682492622;MAX_SMART
06617756665;MAX_SMART
04050759608;MAX_SMART
15436752632;MAX_SMART
10741928698;MAX_SMART
13827436613;MAX_SMART
10111847613;MAX_SMART
81289561672;MAX_SMART
05140094622;MAX_SMART
10892331674;MAX_SMART
12819105629;MAX_SMART
07895361619;MAX_SMART
44777599833;MAX_SMART
01285751663;MAX_SMART
09861636609;MAX_SMART
03443926606;MAX_SMART
84408235687;MAX_SMART
01210804638;MAX_SMART
11844007685;MAX_SMART
13473319643;MAX_SMART
12446318681;MAX_SMART
14830478659;MAX_SMART
03425750666;MAX_SMART
09396227692;MAX_SMART
02005231630;MAX_SMART
02144114609;MAX_SMART
05439197656;MAX_SMART
01887019669;MAX_SMART
09630079631;MAX_SMART
11347217657;MAX_SMART
11371093601;MAX_SMART
75037106753;MAX_SMART
70309765684;MAX_SMART
04028391610;MAX_SMART
03543873679;MAX_SMART
09053542655;MAX_SMART
37581148882;MAX_SMART
10518888673;MAX_SMART
89221346668;MAX_SMART
08720059680;MAX_SMART
10667503609;MAX_SMART
05535527670;MAX_SMART
12665683601;MAX_SMART
03212990600;MAX_SMART
07847943670;MAX_SMART
39997404858;MAX_SMART
97247308672;MAX_SMART
11704816637;MAX_SMART
37697942810;MAX_SMART
08447563693;MAX_SMART
14777377660;MAX_SMART
75263718691;MAX_SMART
02768670685;MAX_SMART
01384682651;MAX_SMART
03514209677;MAX_SMART
12977911693;MAX_SMART
81534809600;MAX_SMART
04544274508;MAX_SMART
12394778644;MAX_SMART
87549425604;MAX_SMART
11310667667;MAX_SMART
75786532615;MAX_SMART
06917385646;MAX_SMART
23614245845;MAX_SMART
08540910683;MAX_SMART
11420446614;MAX_SMART
12581866675;MAX_SMART
12517728704;MAX_SMART
38393265835;MAX_SMART
02346416657;MAX_SMART
09505400640;MAX_SMART
10100095674;MAX_SMART
06900498620;MAX_SMART
11280768614;MAX_SMART
12023840643;MAX_SMART
31591039860;MAX_SMART
10177872632;MAX_SMART
13680051603;MAX_SMART
03415237630;MAX_SMART
12502974607;MAX_SMART
02160443670;MAX_SMART
08563574647;MAX_SMART
11827471670;MAX_SMART
12049101627;MAX_SMART
00941292665;MAX_SMART
05850984682;MAX_SMART
24782820895;MAX_SMART
09500903601;MAX_SMART
09423554660;MAX_SMART
01919335625;MAX_SMART
09890924617;MAX_SMART
12692101650;MAX_SMART
01461387671;MAX_SMART
08346129688;MAX_SMART
08865279613;MAX_SMART
05713752607;MAX_SMART
45251953801;MAX_SMART
01454971517;MAX_SMART
86173944634;MAX_SMART
10234515651;MAX_SMART
12001926642;MAX_SMART
00929460898;MAX_SMART
09420267644;MAX_SMART
04489531613;MAX_SMART
03363454619;MAX_SMART
10482303689;MAX_SMART
06064037601;MAX_SMART
06739241651;MAX_SMART
03816145655;MAX_SMART
02061277667;MAX_SMART
17395085728;MAX_SMART
69335486191;MAX_SMART
93670508600;MAX_SMART
18876108807;MAX_SMART
09619695631;MAX_SMART
01636374662;MAX_SMART
11977783651;MAX_SMART
09872912629;MAX_SMART
03759345611;MAX_SMART
00977188663;MAX_SMART
02344547096;MAX_SMART
05857605946;MAX_SMART
08607170627;MAX_SMART
93670389687;MAX_SMART
03665894662;MAX_SMART
08674656625;MAX_SMART
07125548660;MAX_SMART
87310899253;MAX_SMART
70310197619;MAX_SMART
11742391664;MAX_SMART
81972148672;MAX_SMART
07659704656;MAX_SMART
89645057604;MAX_SMART
08856674688;MAX_SMART
12675724696;MAX_SMART
07435934488;MAX_SMART
85916220570;MAX_SMART
04763015648;MAX_SMART
97991325687;MAX_SMART
06162973603;MAX_SMART
02164239610;MAX_SMART
11115875663;MAX_SMART
11668154633;MAX_SMART
13380902675;MAX_SMART
12989578692;MAX_SMART
01984741640;MAX_SMART
02977193600;MAX_SMART
13480005624;MAX_SMART
01351277693;MAX_SMART
05257669609;MAX_SMART
11268038636;MAX_SMART
11019947624;MAX_SMART
11620642697;MAX_SMART
01907030670;MAX_SMART
10545693632;MAX_SMART
68393830672;MAX_SMART
89820720630;MAX_SMART
14181358607;MAX_SMART
08570398654;MAX_SMART
01871108675;MAX_SMART
13790697699;MAX_SMART
03834838675;MAX_SMART
06723859618;MAX_SMART
06647556664;MAX_SMART
07418462689;MAX_SMART
01634589602;MAX_SMART
07387213607;MAX_SMART
08885392660;MAX_SMART
06581370690;MAX_SMART
03129983686;MAX_SMART
06361661121;MAX_SMART
06833181608;MAX_SMART
13122901617;MAX_SMART
09792012680;MAX_SMART
05554762603;MAX_SMART
46276092304;MAX_SMART
07422477679;MAX_SMART
14287385683;MAX_SMART
04698063620;MAX_SMART
04146759676;MAX_SMART
16802807670;MAX_SMART
09409723604;MAX_SMART
11388278600;MAX_SMART
09442452690;MAX_SMART
07900611630;MAX_SMART
00156134616;MAX_SMART
06016211311;MAX_SMART
07195424642;MAX_SMART
12165682606;MAX_SMART
07266020603;MAX_SMART
08153723618;MAX_SMART
71332987087;MAX_SMART
23089217813;MAX_SMART
11551268663;MAX_SMART
09023826671;MAX_SMART
13520173697;MAX_SMART
12285768664;MAX_SMART
08266055670;MAX_SMART
49497669615;MAX_SMART
11469178648;MAX_SMART
02027516603;MAX_SMART
08484203654;MAX_SMART
41472921860;MAX_SMART
11512985651;MAX_SMART
10347255647;MAX_SMART
10044348630;MAX_SMART
10832117650;MAX_SMART
09401125660;MAX_SMART
09584921665;MAX_SMART
07743756637;MAX_SMART
35958803824;MAX_SMART
12238516646;MAX_SMART
03419004605;MAX_SMART
02394174617;MAX_SMART
13249351628;MAX_SMART
40250638835;MAX_SMART
06345806633;MAX_SMART
08018083673;MAX_SMART
10681360658;MAX_SMART
04326187670;MAX_SMART
01938378628;MAX_SMART
08816666617;MAX_SMART
05452891650;MAX_SMART
01477211640;MAX_SMART
04105645676;MAX_SMART
97169579553;MAX_SMART
01730858309;MAX_SMART
36549964857;MAX_SMART
10030528607;MAX_SMART
79012256020;MAX_SMART
72861304634;MAX_SMART
08641319689;MAX_SMART
11305299671;MAX_SMART
06033960629;MAX_SMART
48006423881;MAX_SMART
06588048637;MAX_SMART
09372917656;MAX_SMART
08413359660;MAX_SMART
60532973305;MAX_SMART
08288769675;MAX_SMART
12736760689;MAX_SMART
70277339600;MAX_SMART
11476635641;MAX_SMART
70215190602;MAX_SMART
04209215678;MAX_SMART
10819059641;MAX_SMART
88087417615;MAX_SMART
41810665841;MAX_SMART
04160861873;MAX_SMART
01104258471;MAX_SMART
13556413655;MAX_SMART
43921890829;MAX_SMART
36007980812;MAX_SMART
06063072659;MAX_SMART
14254866658;MAX_SMART
13090370603;MAX_SMART
05993072695;MAX_SMART
11005341648;MAX_SMART
03779086654;MAX_SMART
02169581642;MAX_SMART
13655637667;MAX_SMART
06864496570;MAX_SMART
10844404667;MAX_SMART
06546301601;MAX_SMART
70874050634;MAX_SMART
12615209639;MAX_SMART
08869843602;MAX_SMART
48348864504;MAX_SMART
13208851600;MAX_SMART
08980193629;MAX_SMART
05517895654;MAX_SMART
09093513680;MAX_SMART
04428623690;MAX_SMART
06350424522;MAX_SMART
06946357663;MAX_SMART
07792671682;MAX_SMART
00983494576;MAX_SMART
10038169673;MAX_SMART
09328325633;MAX_SMART
12749269636;MAX_SMART
11609995627;MAX_SMART
70286482657;MAX_SMART
12315825610;MAX_SMART
09231649604;MAX_SMART
10222993600;MAX_SMART
03143871539;MAX_SMART
68575491687;MAX_SMART
11795499613;MAX_SMART
00650753666;MAX_SMART
12915215693;MAX_SMART
11595416633;MAX_SMART
03377484540;MAX_SMART
11316336603;MAX_SMART
09522224693;MAX_SMART
12340688698;MAX_SMART
12625005670;MAX_SMART
08758998624;MAX_SMART
07728884697;MAX_SMART
70286496607;MAX_SMART
12751809650;MAX_SMART
42206694859;MAX_SMART
14153848603;MAX_SMART
06302631670;MAX_SMART
12584562650;MAX_SMART
69526907604;MAX_SMART
06202747609;MAX_SMART
98536028300;MAX_SMART
04411199645;MAX_SMART
06087095659;MAX_SMART
10380129612;MAX_SMART
14027528654;MAX_SMART
40187615896;MAX_SMART
09844534666;MAX_SMART
01395264635;MAX_SMART
59674687653;MAX_SMART
02263520643;MAX_SMART
07702958600;MAX_SMART
03067500660;MAX_SMART
02253851639;MAX_SMART
11818386658;MAX_SMART
07460614637;MAX_SMART
01829857681;MAX_SMART
03633744690;MAX_SMART
38990534860;MAX_SMART
05036320662;MAX_SMART
16090518662;MAX_SMART
41118230841;MAX_SMART
25352544842;MAX_SMART
01470886669;MAX_SMART
12221061837;MAX_SMART
13606909640;MAX_SMART
10863917640;MAX_SMART
11041100671;MAX_SMART
07471676647;MAX_SMART
10946372624;MAX_SMART
09930494600;MAX_SMART
01527560600;MAX_SMART
08645249600;MAX_SMART
03405360633;MAX_SMART
11643601679;MAX_SMART
16012184603;MAX_SMART
00544384628;MAX_SMART
32168625859;MAX_SMART
01973023199;MAX_SMART
09736356655;MAX_SMART
02043373641;MAX_SMART
12678162605;MAX_SMART
11591283671;MAX_SMART
06362972686;MAX_SMART
10052060667;MAX_SMART
09793932643;MAX_SMART
04409438689;MAX_SMART
12579809635;MAX_SMART
09362918692;MAX_SMART
14236774631;MAX_SMART
13891409621;MAX_SMART
01784460680;MAX_SMART
04447186640;MAX_SMART
06163419626;MAX_SMART
11973620618;MAX_SMART
09137318624;MAX_SMART
11265969655;MAX_SMART
08005197608;MAX_SMART
03968321642;MAX_SMART
70010812644;MAX_SMART
05438475601;MAX_SMART
13085669647;MAX_SMART
10998736651;MAX_SMART
04272395670;MAX_SMART
08420183873;MAX_SMART
11133751679;MAX_SMART
14349643613;MAX_SMART
04909366601;MAX_SMART
04698225620;MAX_SMART
04817404655;MAX_SMART
13279702607;MAX_SMART
12011686601;MAX_SMART
03830253621;MAX_SMART
01573798681;MAX_SMART
76259650663;MAX_SMART
09876524607;MAX_SMART
11111095671;MAX_SMART
14318426645;MAX_SMART
10385881622;MAX_SMART
05059936600;MAX_SMART
10908087632;MAX_SMART
08724653659;MAX_SMART
09117112605;MAX_SMART
10036576646;MAX_SMART
02113962659;MAX_SMART
12259992862;MAX_SMART
08439261632;MAX_SMART
01572560657;MAX_SMART
06564441690;MAX_SMART
15154271459;MAX_SMART
09856651654;MAX_SMART
09886903651;MAX_SMART
06913011660;MAX_SMART
08389828677;MAX_SMART
05151930621;MAX_SMART
09712621600;MAX_SMART
14230358601;MAX_SMART
10029374693;MAX_SMART
72042303100;MAX_SMART
10853370656;MAX_SMART
30194897842;MAX_SMART
11763682650;MAX_SMART
32731157852;MAX_SMART
38464755805;MAX_SMART
44913887840;MAX_SMART
14075694658;MAX_SMART
33493052880;MAX_SMART
12439729639;MAX_SMART
01768283621;MAX_SMART
06575520626;MAX_SMART
03160463613;MAX_SMART
88511995668;MAX_SMART
05902252601;MAX_SMART
07168116690;MAX_SMART
08459980642;MAX_SMART
10087896664;MAX_SMART
11488643695;MAX_SMART
13529368601;MAX_SMART
14329707632;MAX_SMART
03684783609;MAX_SMART
10713462612;MAX_SMART
47734043615;MAX_SMART
10524435677;MAX_SMART
12081328658;MAX_SMART
01951846613;MAX_SMART
08672700635;MAX_SMART
10970784694;MAX_SMART
08273377601;MAX_SMART
89218272691;MAX_SMART
14351217677;MAX_SMART
06048487657;MAX_SMART
08144197631;MAX_SMART
96467452615;MAX_SMART
06527812680;MAX_SMART
12054616630;MAX_SMART
31835451870;MAX_SMART
10409208612;MAX_SMART
10878727400;MAX_SMART
09765324685;MAX_SMART
04344449606;MAX_SMART
06235559640;MAX_SMART
10805277617;MAX_SMART
13778674633;MAX_SMART
12579097627;MAX_SMART
12872354689;MAX_SMART
36513110823;MAX_SMART
08335089620;MAX_SMART
10177336609;MAX_SMART
10080616623;MAX_SMART
09888447610;MAX_SMART
12105705642;MAX_SMART
02327789656;MAX_SMART
09906183667;MAX_SMART
55921329649;MAX_SMART
11344248683;MAX_SMART
07851026636;MAX_SMART
08848001564;MAX_SMART
07907964652;MAX_SMART
36486155809;MAX_SMART
07211318678;MAX_SMART
67285899615;MAX_SMART
46241385895;MAX_SMART
12197515616;MAX_SMART
04917884608;MAX_SMART
04066793630;MAX_SMART
08182832896;MAX_SMART
09231479695;MAX_SMART
07549686696;MAX_SMART
12422198627;MAX_SMART
08689430610;MAX_SMART
06854090903;MAX_SMART
05793268618;MAX_SMART
12089615605;MAX_SMART
13120295604;MAX_SMART
13684233617;MAX_SMART
14690468656;MAX_SMART
09687395982;MAX_SMART
12680408608;MAX_SMART
11354144678;MAX_SMART
10491420633;MAX_SMART
12731301627;MAX_SMART
11917995652;MAX_SMART
13264949610;MAX_SMART
12693772648;MAX_SMART
15585990616;MAX_SMART
70683549634;MAX_SMART
99613514600;MAX_SMART
13261284692;MAX_SMART
11241923604;MAX_SMART
90498844668;MAX_SMART
06045592670;MAX_SMART
12134264640;MAX_SMART
13360741676;MAX_SMART
12089335661;MAX_SMART
07067298547;MAX_SMART
03414895650;MAX_SMART
34451549884;MAX_SMART
08085026627;MAX_SMART
11155956605;MAX_SMART
06124873699;MAX_SMART
12983786641;MAX_SMART
70129374679;MAX_SMART
08727876640;MAX_SMART
70297247638;MAX_SMART
01436940656;MAX_SMART
00523192614;MAX_SMART
39884275866;MAX_SMART
12236072678;MAX_SMART
11991654685;MAX_SMART
09186702688;MAX_SMART
13889560636;MAX_SMART
04538100633;MAX_SMART
70050291602;MAX_SMART
12314033655;MAX_SMART
07311947642;MAX_SMART
11959450603;MAX_SMART
01555277624;MAX_SMART
09903628684;MAX_SMART
00388465514;MAX_SMART
09520366652;MAX_SMART
17850419758;MAX_SMART
11707294607;MAX_SMART
13427263673;MAX_SMART
10671567632;MAX_SMART
13856116699;MAX_SMART
01591644607;MAX_SMART
15033115626;MAX_SMART
11289401675;MAX_SMART
13256301606;MAX_SMART
61307832300;MAX_SMART
14290301606;MAX_SMART
05967061622;MAX_SMART
12047772680;MAX_SMART
07204587650;MAX_SMART
03556746611;MAX_SMART
02768139602;MAX_SMART
07462202603;MAX_SMART
10513557610;MAX_SMART
61045977691;MAX_SMART
08608723603;MAX_SMART
16201031685;MAX_SMART
07694056657;MAX_SMART
11480574635;MAX_SMART
00763516619;MAX_SMART
11574786628;MAX_SMART
40650191846;MAX_SMART
07744434480;MAX_SMART
13231096685;MAX_SMART
30295760869;MAX_SMART
10493648640;MAX_SMART
11110348770;MAX_SMART
12102977609;MAX_SMART
41950842886;MAX_SMART
12120085617;MAX_SMART
10327440651;MAX_SMART
83182624687;MAX_SMART
99626489553;MAX_SMART
10558835686;MAX_SMART
86365630620;MAX_SMART
47405041892;MAX_SMART
05473434690;MAX_SMART
41672933668;MAX_SMART
02988671842;MAX_SMART
13214820605;MAX_SMART
06583929643;MAX_SMART
10633408611;MAX_SMART
13429160693;MAX_SMART
09641699750;MAX_SMART
12140179676;MAX_SMART
11387071637;MAX_SMART
05572807613;MAX_SMART
08863518637;MAX_SMART
04859727606;MAX_SMART
12440171670;MAX_SMART
05177993671;MAX_SMART
10915701677;MAX_SMART
09086741630;MAX_SMART
05851111623;MAX_SMART
06513175682;MAX_SMART
07521984676;MAX_SMART
13806391661;MAX_SMART
40834104857;MAX_SMART
01648740626;MAX_SMART
05042988602;MAX_SMART
69751315620;MAX_SMART
10268973601;MAX_SMART
00655300635;MAX_SMART
05090803676;MAX_SMART
10023130660;MAX_SMART
49152758842;MAX_SMART
07190781641;MAX_SMART
10003926605;MAX_SMART
21656209888;MAX_SMART
10712928626;MAX_SMART
01372460640;MAX_SMART
13712246684;MAX_SMART
06195371670;MAX_SMART
08017193564;MAX_SMART
12161165631;MAX_SMART
12759061680;MAX_SMART
43913923802;MAX_SMART
60291106323;MAX_SMART
03056048214;MAX_SMART
00316093688;MAX_SMART
03929301539;MAX_SMART
10657625698;MAX_SMART
11580064620;MAX_SMART
11411777654;MAX_SMART
38533520816;MAX_SMART
12153191696;MAX_SMART
13981814630;MAX_SMART
11908705680;MAX_SMART
11239499647;MAX_SMART
12601855673;MAX_SMART
12010287606;MAX_SMART
04956857632;MAX_SMART
09491900633;MAX_SMART
47134179800;MAX_SMART
91287820620;MAX_SMART
29747839881;MAX_SMART
09041517600;MAX_SMART
12500024601;MAX_SMART
12230419641;MAX_SMART
14978045827;MAX_SMART
11634044622;MAX_SMART
01962404684;MAX_SMART
13677384664;MAX_SMART
03330280662;MAX_SMART
09881718643;MAX_SMART
09978042628;MAX_SMART
91004560630;MAX_SMART
04482144665;MAX_SMART
07202735601;MAX_SMART
10689382693;MAX_SMART
06667196671;MAX_SMART
08399470627;MAX_SMART
08961714694;MAX_SMART
08037527689;MAX_SMART
09251558612;MAX_SMART
03664837657;MAX_SMART
40422699829;MAX_SMART
70141277645;MAX_SMART
41575568870;MAX_SMART
30800060890;MAX_SMART
11551930676;MAX_SMART
10495686646;MAX_SMART
13289672638;MAX_SMART
05173610603;MAX_SMART
06501688604;MAX_SMART
10920847625;MAX_SMART
14392538621;MAX_SMART
10271121610;MAX_SMART
09556978674;MAX_SMART
06757966603;MAX_SMART
09063859627;MAX_SMART
41488288615;MAX_SMART
09217538612;MAX_SMART
05292359602;MAX_SMART
09020952692;MAX_SMART
06178210620;MAX_SMART
12108262679;MAX_SMART
11355535646;MAX_SMART
10805375627;MAX_SMART
70172877628;MAX_SMART
01893407624;MAX_SMART
11889508608;MAX_SMART
12449003622;MAX_SMART
30832651826;MAX_SMART
03607965242;MAX_SMART
39568818855;MAX_SMART
03235486607;MAX_SMART
08630907614;MAX_SMART
42210004810;MAX_SMART
13890477682;MAX_SMART
12683145608;MAX_SMART
04605027602;MAX_SMART
61803057653;MAX_SMART
12925891675;MAX_SMART
12396698605;MAX_SMART
12102995690;MAX_SMART
13600352652;MAX_SMART
09865447606;MAX_SMART
11622763637;MAX_SMART
70079881130;MAX_SMART
70419666664;MAX_SMART
09498833605;MAX_SMART
08317482650;MAX_SMART
09487098631;MAX_SMART
12399771664;MAX_SMART
06731614637;MAX_SMART
10396244645;MAX_SMART
41369401817;MAX_SMART
11597254622;MAX_SMART
05647934692;MAX_SMART
12907490605;MAX_SMART
01946409650;MAX_SMART
33757029810;MAX_SMART
09299446660;MAX_SMART
99277921668;MAX_SMART
13870648600;MAX_SMART
15352292681;MAX_SMART
30270572864;MAX_SMART
10728818884;MAX_SMART
04688553609;MAX_SMART
00509925545;MAX_SMART
06373527697;MAX_SMART
03837596680;MAX_SMART
09406198657;MAX_SMART
06374836693;MAX_SMART
10338352694;MAX_SMART
07354195669;MAX_SMART
11339999641;MAX_SMART
10665801629;MAX_SMART
01884874681;MAX_SMART
08229915601;MAX_SMART
14543628632;MAX_SMART
09744670495;MAX_SMART
12942645679;MAX_SMART
56009950678;MAX_SMART
09657330688;MAX_SMART
29116661869;MAX_SMART
